Sequence	Label
PIDITATLRCKVAVVVAPVTIPDTTVSVELFLLDTAGSDLYKEQISQYWNGVYYAILVFDVSSMESFESCKAWFELLKSARPDRERPLRAVLVANKTQVRLDMAQDWATTNTLDFFDVSAADAPFLSIATTFYRNYEDKVAAFQDACR	0001111111100000000000110100001000000000000000111100010000000000000000000000000000100100000000000000000000001000000000000000000000011111111110111111
MFLLSRFSDIISIHPSNFWKPTKEALAEEIHKKYANKVIQNIGLAICVYDFLKIGEGIIKYGDGSSYMNVVFRLIIFRPFRGEVMLGKIKSCSEEGIRVTISFFDDIFIPKDMLFDPCVFRPDERAWVWKIEGEDGSEGTELYFDIDEEIRFQIESEDFVDVSPYTLIASCSRDGLGIPAWWK	111111111100000000111001000100111111101011010111100010000000000000100010101001010011111100000000000011100000000000000000000000000000000000000000000010101000000000000000000001110010011
QNCPSVCSCSNQFSKVVCTRRGLSEVPQGIPSNTRYLNLMENNIQMIQADTFRHLHHLEVLQLGRNSIRQIEVGAFNGLASLNTLELFDNWLTVIPSGAFEYLSKLRELWLRNNPIESIPSYAFNRVPSLMRLDLGELKKLEYISEGAFEGLFNLKYLNLGMCNIKDMPNLTPLVGLEELEMSGNHFPEIRPGSFHGLSSLKKLWVMNSQVSLIERNAFDGLASLVELNLAHNNLSSLPHDLFTPLRYLVELHLHHNPWNCDCDILWLAWWLREYISTCCGRCHAPMHMRGRYLVEVDQASFQCSAPFIMDAPRDLNISEGRMAELKCRTPPMSSVKWLLPNGTVLSHASRHPRISVLNDGTLNFSHVLLSDTGVYTCMVTNVAGNSNASAYLNV	00000001000000001011000000000000000101011000000000000000000101000000000000000000000001010000000000000000000101011000000000000000000101001000000000000000000010100100000000000000001010000000000000000000001010110000000000000000001000010000000000000000001110110000000000000000000001100100000000001000000000000000000000000000000000000000000000000000000000000000000000000000000000000000000000000000000
DCTFTQLEIVPQFGSPNMFGGEDEHVRVMFSNEDPNDDNPDAFPEPPVYLADRDSGNDCRIEDGGIWSRGGVFLSQDGRRVLMHEFSGSSAELVSYDSATCKVVHREDISGQRWAVDKDGLRLGQKCSGESVDSCAKIVKRSLAPFCQ	0000000000000000000000000000000011110000110111000001000000000111110100000000001000010111111100001110011111010111110000000000111111000000000000001001
MEAILSKMKEVVENPNAAVKKYKSETGKKAIGCFPVYCPEEIIHAAGMLPVGIWGGQTELDLAKQYFPAFACSIMQSCLEYGLKGAYDELSGVIIPGMCDTLICLGQNWKSAVPHIKYISLVHPQNRKLEAGVKYLISEYKGVKRELEEICGYEIEEAKIHESIEVYNEHRKTMRDFVEVAYKHSNTIKPSIRSLVIKSGFFMRKEEHTELVKDLIAKLNAMPEEVCSGKKVLLTGILADSKDILDILEDNNISVVADDLAQETRQFRTDVPAGDDALERLARQWSNIEGCSLAYDPKKKRGSLIVDEVKKKDIDGVIFCMMKFCDPEEYDYPLVRKDIEDSGIPTLYVEIDQQTQNNEQARTRIQTFAEMMS	0000000000000000000000000000000000000000000000000000000000000001111101100000000000000000000000001111101100110110000011010101110111110110011000000100000000000000000010001001000000000100000000000000000000000000000000000000000000000000000000000000000000000000000000000000000111100010001001100001111111110010001001101000000000010110111111011100010000010000000000000000000000000
IHRTQHWFHGRISREESHRIIKQQGLVDGLFLLRDSQSNPKAFVLTLCHHQKIKNFQILPCEDDGQTFFSLDDGNTKFSDLIQLVDFYQLNKGVLPCKLKHHCIRVA	10111101111100000000000000000000000000000000000000000000000000000101000001111110011001101111000000000001111
NQPYRTGFHFQPPKNWMNDPNGPMIYKGIYHLFYQWNPKGAVWGNIVWAHSTSTDLINWDPHPPAIFPSAPFDINGCWSGSATILPNGKPVILYTGIDPKNQQVQNIAEPKNLSDPYLREWKKSPLNPLMAPDAVNGINASSFRDPTTAWLGQDKKWRVIIGSKIHRRGLAITYTSKDFLKWEKSPEPLHYDDGSGMWECPDFFPVTRFGSNGVETSSFGEPNEILKHVLKISLDDTKHDYYTIGTYDRVKDKFVPDNGFKMDGTAPRYDYGKYYASKTFFDSAKNRRILWGWTNESSSVEDDVEKGWSGIQTIPRKIWLDRSGKQLIQWPVREVERLRTKQVKNLRNKVLKSGSRLEVYGVTAAQADVEVLFKVRDLEKADVIEPSWTDPQLICSKMNVSVKSGLGPFGLMVLASKNLEEYTSVYFRIFKARQNSNKYVVLMCSDQSRSSLKEDNDKTTYGAFVDINPHQPLSLRALIDHSVVESFGGKGRACITSRVYPKLAIGKSSHLFAFNYGYQSVDVLNLNAWSMNSAQIS	000000000000000101100000000000000000000001111000000000000000000000000000001001000000000000000000101010100000000000000000000000000000011000001001000000000001000000010010000000101000001111100000000110100000000110000000000000101000000000110100000000010111100000000000000000000010000000000000000010100001100110000000000000000010100000000000000000000000000000000000000000000000000000000000010000000000000000000000000000000000000000000000111100000000000000000010000000000000000000000000000000000000000000000000000000000000000000000000000000000
QFMLYEETAEERNIAVHRHNEIYNNNNSVSNENNPSQVKENLPAKICPYER	111111100011001101110111011111111111111111111110001
GSGRIVSFRYNGDYVLKDVNAEFETGKIYVVVGKNGSGKTTLLKILAGLLAAAGEIFLDGSPADPFLLRKNVGYVFQNPSSQIIGATVEEDVAFSLEIMGLDESEMRKRIKKVLELVGLSGLAAADPLNLSGGQKQRLAIASMLARDTRFLALDEPVSMLDPPSQREIFQVLESLKNEGKGIILVTHELEYLDDMDFILHISNGTIDFCGSWEEFVEREFDDVEIPFKWKLWKKCGKINLWEDRY	00000000011100000000000000000000011000000000000000000000000000000000000000001000100000000000000000000000000000000000000000000000001110001000000000000000001001111110010000000000000000000010011000000000000000000000000000001111001101100110011010011
LRERFMWTGVALILYYVLAEIPVYGIPERIQDYFQFLRVVLAGRNGSILTLGIGPIVTAGIILQLQRVFSVFMCFFEAAVWILGGAFGRVAIAVLMILQLAMGGIVLIILDELVSKWGIGSGISLFIAAGVSQTILTRSLNPLTDPNPLTGQPAIVGAIPYFIQHILKGDLWGAIYRGGSAPDMLSVVATIVVFFIVVYFESMRVEIYPIRFLYVSNIPIILTFALYANIQLWARVLDRLGHPWLGRFDPTTGSPISGFVLYVIPPRNIFSVIDNPVRAIVYLILTVIFSLLFGYLWVELTGLDARSIARIPGFRRDPRTLEKPYVTFWGSLTVALIAVLADFLGALGTGTGILLTVGILYRFYEEIAREQITEMFPALRKLFGAGT	000000000001100110010100000000000000000000010000000000000000000000000000000000000000000000000000000000000000000000000000000010011001101110011110100000000001000000000000000000000000000000000100011001110111110000010000000000000000000000000000000000000000000000000000000000000000000000000000000000000000000000000000000000000011110010000000000000000000000000011001100100000000000000000000000
QKSDEVTEKFKRYCNQLEKYGQTENVHSPVMAMLRRKGRKQLIEIMKRDGDCTSSINKLWIVGYYHPFQFFIRDKEKNMAIAVLLTMFCGELQEMLSLPDDKYPALWNMYIGDFHRYMPDEEIQKCLAVGYYSRAIDLDPNQGRAFHVLAGLRADLNVAQKLRLMILGQLADAPYKKGTELLEYLKFPQKESTDKLMVDFVIWALNEKSKRMDYQMTGIKIVNEFKAEIEQKLEFDWSLIMSTCRLASKLAMKKFGFQQFYNCFDTISTLYITIYSRTISSKCLLAEAISWISDSAEILGHLDEQKNEPHFQKLSVFAKTKWNELNDLVMNHINSVFTSMSLTINPSISMTSFLLNGPISEPNVEFLSQLINYLVSVEFPPMEIIHDREESGPLLRRIN	000000001001100100010011101111011111101000000000000000000000000000000000000001010110011011101101100000000001000000100000011101101110110010000000000000001010000000000000000000000000000000000000000000000000000000000000000000000000000000000000000000000000000000000000000000000000000000000000000000000000000000000000000000000000000000000000000000000000101100110000000000000000000000000000000000000000000
ATRPIDGLTDEDIREILTRYKKIALVGASPKPERDANIVMKYLLEHGYDVYPVNPNYEEVLGRKCYPSVLDIPDKVEVVDLFVNPAKAWRFVVYAIKKGAKVVWFQYNTYYPLAARQAGPIIVANRCMMREHERLLGE	001010000000000000000000000000100100000000000000000000010000000000000000000000000001111011000100000000000000011110111000000000000000000000
GPRSQKQLELKVSELVQFLLIKDQKKIPIKRADILKHVIGDYKDIFPDLFKRAAERLQYVFGYKLVELEPKSNTYILINTLEPVEMRGQGTPTTGLLMIVLGLIFMKGNTLKETEAWDFLRRLVYPKKLITEDFVRQRYLEYRYEFQWGPRTNLELSKMKVLKFVAKVHNQDPKDWPAQYCEALADEENRAR	000001001101100111011101000000000000000000000000000000010111111000000000000000101101000000000000000000000000000000000000000000000000000000000000000000000000000000000000000000000000000000000000
CPDLVCYTDYLQTVICILEMWNLHPSTLTLTWQDQYEELKDEATSCSLHRSAHNATHATYTCHMDVFHFMADDIFSVQITDQSGQYSQECGSFLLAESIKPAPPFDVTVTFSGQYQISWRSDYEDPAFYMLKGKLQYELQYRNRGDPWAVSPRRKLISVDSRSVSLLPLEFRKDSSYELQVRAGPMPGSSYQGTWSEWSDPVIFQTQS	1100000001000000000111100100000011110110110000000000001100000000001111111100001110101111010001011000000000000000000000000000011011000101000000000000000000000100000000000000000000000000011111110000000000000000
YEDLELITIWPSPTKNKLCQFIKQNLSKEHVVTQLFFIDATSSFPLSQFQKLVPPTLPENVRIYENIRINTCLDLEELSAITVKLLQILSMNKINAQTEPLKIILYINGLEVMFRNSQFKSSPQRSHELLRDTLLKLRVMGNDENENASIRTLLEFPKEQLLDYYLKKNRIKNGDSLAEYIWKYYADSLFE	01001100000000000000000000000000000000000000000000000000000000000000000000000000000001000000000000000000000000000110010000110010011100110111010100000000000000000000001000001111100101111110000
SLETDVENIVFQFQNSSLDFQSSDDFSILGIDQPHPIVRIGGMFFRGTWHQPIGTDIVVPSVNDGLVLCKRRLMLEQIRLVPKNP	1111111111111001011111111111001100000001000000000001111111111111111011010000000000000
MKDYAREENGGLVVMASCSDERFPPENMLDGKDNTFWVTTGMFPQEFVLRLESCIRVSKITTLSLNVRKLAVEKCDQDKPDQFEKVFEVELANRRLQTEVHQVNIRAKYLKFILLQGHGEFATVNRVSVVGG	000000000000000011111110000000011111011111111000000000000000000011001000000000000000000100000011000000000000000000110111111010000000
MRHYDCKNYINLDCEKGLCALTKGMVPIDGEGSEACPNFKPAEKCGNCKNFCNPDKYGLGTCTGLEKENWAYATCGASACPSYKAE	01010011111111110101101010011000000000010011100000000000101001001110111101110111100000
NAMPYTWKFLGISKQLSLENGIAKLNQLLNLEVDLDIQTIRVPSDPDGGTAADEYIRYEMRLDISNLDEGTYSKFIFLGNSKMEVPMFLCYCGTDNRNEVVLQWLKAEYGVIMWPIKFEQKTMIKLADASIVHVTKENIEQITWFSSKLYFEPETQDKNLRQFSIEIPRESCEGLALGYGNTMHPYNDAIVPYIYNETGMAVERLPLTSVILAGHTKIMRESIVTSTRSLRNRVLAVVLQSIQF	0000000000000000000000000000000000000000000000000000000000000000000000000000000000000000000000000000000000000000000000000000000000000000000000000001000011111111111111110110111011000000000000001111111110011100000000000000000000000000000000000000
TRKYQHVIETPDPGKWELAGYEESLPISEKSNPMTRELDKADPSQLVQLLRDCDAEIFQEEDENLIHYHRLYSESVLKTMGDVAKRVQEVLKNPDDSLVVLSGCGTSGRLALLLANSFNGLLKGLHKTPCYCYIMSGGDRSIVTSQESSEDNPQLGAQELEKVCEGKKNVLFIGISCGLSAPFIAGQLDFCMRHLDVYLPVLVGFNPVSMARNERIEGWHSSFRQVAERLQTLHDSQKGFILNPAVGPEGVSGSSRMKGGSATKILLETLLLVAHKAEVTEKCLLEILRTYERAHKVTYSQSKKIAALMKQTATSLQKKGHLYILGWGTLGLVGIMDAVECVPTYQADWRDVRGFITGGYHSIENKEGDLSSLGPQFSISHEDFVKNVLPSVSETDTVLLIFTLDDDLNQIEKLVALVKEKTSNIQVICHATAGQYLPNSLKKTIPSIIGLTWPILFLEYEGAFIQKFQRELSTKWILDTVTSGAYTLRGKIFRNFMVDFKINNSKLFHRATSVLQRLTGQSQQRCTEVLLQSIYGEQTLSEQIRNTTIAGHVEAAASQDKVLPVAIVSLLRSCTIQDSRSRINSSLSIRSAIESSMN	0000101000000000000000000000000000000000000000000000000000000000000000000000000000000000000000000000000000000000000000000001110000000000000000000000000000000000000000000000000000000000000000000000000000000000000000000000000000000000000000000000000000000000000000000000000000000000000000001100100110011000000000000000000000000000000000000000000000000000000000000000000000000000000000000000000000000000000011000000000000000000000000011111001001000000010101111011001000000000000000000000000000000000000000000000000000000000000000000000000000000000000000000000000000000000000000000000000000000000000000
DIPEAKESTQKLMDIYYTLKVTADMEAAYWYNRTWWENDGEVIEVRRAKAVAASLSHMTPTILPYEKLVMNKTKNVRGAFPFPWVCASFFNAQAEALMNEVDAPAENEADSVSVVGAGGGNVTESYGNVISIAKKFGMRKEEIPVLVKTSKPWEGISVEELSNKYSKMTPGYDQFKNIMESVICMFDSFAIPQGREVINYYMPLQYGFDGIIKLCDEKIAEVMGEAGDDGDFGMSRGYYYAAMKEITKGLSAWCENYSKRAKYLASIETDSEIKANYEKIEEVMGNIAHKKPANFWEAIQMTLCCHFGVVNEDPQSGLSIGRLGQVLQPFYEKDVEDGIMTDEEVIELLELYRIKITCIECFASAGVSGGVLSGNTFNNLSLGGQNYDGLSAVTPLEYLIVEAGMRNQTPQPTLSVLYDEKTPEDFLMKAASCTKLGLGYPAWMNNQTGMNFMMRNYGPEGMDLHDARAWCLGGCLESAPGCFLPLEYNGKVTMIPGGASPTCGTGVHFIGMPKVLELVLTNGLDKRTGKQVYPPHNKKLDSYETMVNQWKEYMELTTDVVNRCNNIQMDIWRKYNMPAVNSLLKPDCFKKGKHIGTMGARYNSCINFESCGTITFVNSLSSIKKNVFDDSKFTIEEMTDAMLNNFGFKTAYETEVFSPDFRESTDKSTKYEKIFAACVNAPKYGNADKYADEIFKAYHYYIYDMTHKFRSYYGKPLYLCQISVSTHGPQGFVTLATADGRLAGTTYSDGSVSAAAGTDKNGIYAIFESATVYDHSMHQNAQMNLKLHPTAVKGINGTRKLLDLVRAYMRKGGFHVQFNVVDSKTLRDAQLTPEKYRELMVRVAGFTQYWCEIGKPIQDEVIYRTEYDK	00000000000000100111010011001101101111111111110010000000111111111000000001110000000000000000000001000000000000000000000000000101100000001011110110010001110100001001100111000000000000000000000000000000000000000000000000111011111101110110010010010000000100010011001101111100100010000000000000000000000000000000000000000000000000000000000000000000000000000000000000000000000000000000000000000000000000000000000000000000000000000000000000000000000000000000000000000000000000000000000000000000000000000000000000000000000000000000000000000000000000000000000000000010011001100110111000000000000000001000110000000000000000000000000000000000000000000000000000000000000000000000000000000000000000000000000000000000000011111110000000000000000000000000000000000000000000000000000000000000000000000000000000000000000000000000000000000000000000000000000000000000000000000000000000000
SQDPSNFVNLDIFSNYQKYIDNEQEVRENIRIVVREIEHLSKEAQIKLQIIHSDLSQISAACGLARKQVELCAQKYQKLAELVPAGQYYRYSDHWTFITQRLIFIIALVIYLEAGFLVTRETVAELGLKISQSEGFHLDVEDYLLGILQLASELSRFATNSVTGDYERPLNISHFIGDLNTGFRLLNLKNDGLRKRFDALKYDVKKIEEVVYDVSIRGLSSK	101111111101101110110011001100100000000000000000000000000000000000000000000000000000011111001000000000000000000000001011000000000001000000111011001000000000000000000000000000000110111011011100100000000000000000000000000000
SIAHLTSDDVNLPGSDFFRFYRSADKQEKEKARIYLLGVLDATEGKSWCQYSQLQTVTLQEFVFEFFNKLPAARLHERAAPLIEEALATRFPCK	0000000000000000000011000100100010000000000000001011111111011101100010000000000000000000011001
MKPLYRQLKSSHYSSDYSSPGYLAAEAVYAEIGYELDTLLKQNPGYANTCAVRMSLALLKTGISFKGRLPIKKGAYKGKTIEPGAKLLADQLHRSSSFGKAKIFFNAPDAEKGIGNKKGVVFFNKITNYDGGHIDLIEPENSLLTCHSHCYFNCKEVWFWELS	0000000000000011110001011100000000011001101110111100100000000000000000000000000000000000000000000000000000000000000000000000010111011000000110100001101000000000000
SDKKSLMPLVGIPGEIKNRLNILDFVKNDKFFTLYVRALQVLQARDQSDYSSFFQLGGIHGLPYTEWAKAQPQLHLYKANYCTHGTVLFPTWHRAYESTWEQTLWEAAGTVAQRFTTSDQAEWIQAAKDLRQPFWDWGYWPNDPDFIGLPDQVIRDKQVEITDYNGTKIEVENPILHYKFHPIEPTFEGDFAQWQTTMRYPDVQKQENIEGMIAGIKAAAPGFREWTFNMLTKNYTWELFSNHGAVVGAHANSLEMVHNTVHFLIGRDPTLDPLVPGHMGSVPHAAFDPIFWMHHCNVDRLLALWQTMNYDVYVSEGMNREATMGLIPGQVLTEDSPLEPFYTKNQDPWQSDDLEDWETLGFSYPDFDPVKGKSKEEKSVYINDWVHKHYG	1110010000000000000000000000000000000000000000000000000000000000000001000111100000000000000000000000000000000000101111011001000000000000000000000000000000000000000000000000000000000000000000000000000000000000000000000000000000000000000001100000000000000000000000000000000000000000000000000000000000000000000000000001110100001011111010111000000101000000000000000000000000000000000000000000000
SEKWKELGETFRKKREERRITLLDASLFTNINPSKLKRIEEGDLKGLDAEVYIKSYIKRYSEFLELSPDEMLKLYEEGKEEVAEEVE	000000000000000000000000000001110010000000000001111101110110010000000000000000000000000
ANPGFLNVDRGEVLWSEPRGTRNVSLETCDLGEGPGKLEGAYAHLPRYFADTGKVMDLEQRLLWCMETIQGRDTKPLVAKPFSGPGRTSDMEDLVAFIANKSDGVKIKVALATPQEKEMYAIGEALFFRRSSINDFSCSTCHGAAGKRIRLQALPQLDVPGKDAQLTMATWPTYRVSQSALRTMQHRMWDMYRQMRMPAPDYASEAVTALTLYLTKQAEGGELKVPSIK	0000000000000000000000000000000000000000000000000000000000000000000000000000000000000000000000000000000000000000000001101101110111111111101110010111111001000000000000000000000000000000000010011101111110011100100000000000000000000
GSFNSIDVEINMYPVNKTSCNSSIGSSSTISTSELTITLTHEDCTPVFIGDYYSVVDKLATSGFFTNDKVHQDLTTQCKINLEIKCNSGRESRQLTPTTKVYLMPHSETVTVVGDCLSNLDVYIVYANTDAIYSDMDVVAYHTSYILNVDHIPPNDCE	00001010100000000000000000000000000000000000000010110000000010001110000000000000000000000000000000000000000000000000000000000000000000000000000000001111111101
QCTLCKSKKHSKERCPSIWRAYILVHTIYCYNCGGKGHFGDDCKEKRSSRVPNEDGSAFTGSNL	0000000000001101011111111111111111100010000000111111100111100011
MIDTWLAQWGLRLPSSNDATLRLQPAEGPELVMERLEGGWLFVVELGLVPSGLPLGVILQLLQVNSPFSSLAPVKLAADDAGRLVLWAEARDGVDDVDALNRLHDRLREGHSRLVPLLE	00000101111101010101111111100101011100001010100111110000000000000000000000001111111010100000000000001001100100000000000
AGAMAYAAVTSLMRTIHQSMELTGCDLQPFYEKLKSLRAILEHEGLTILEVEIVEVAYTTEDMVDSESRNVFLAQNLEERSRAMWEIFFVLEQALECIDSTVKQWMATSDSM	0011001001100100010001001100110000000000000100110111011101111110110010011010110111011101110111011001000100000000
NLVETTCKNTPNYQLCLKTLLSDKRSATGDITTLALIMVDAIKAKANQAAVTISKLRHSNPPAAWKGPLKNCAFSYKVILTASLPEAIEALTKGDPKFAEDGMVGSSGDAQECEEYFKGSKSPFSALNIAVHELSDVGRAIVRNLL	10000001000000000100000000000000000000000000000000000000000000000000000001101100011001001101111111011000100010010000000000000000000000000000001111
NRPSFNEAWLAFRKVNHSVADVGSIIGGNVGKNITGGYFQNACPIRSYVLNATGFPIARNSPYAKVSGADNKFYIYRVNDIDYLTHTGKPDLIVNNPKQSDFIGKKGIIVVKGHGWSNARGHVTLWNGSICSDQCHLLGPFVPEVGTLWILP	00000000000000000000000000000001101111111000000000000000000000010100000000011110000000000000000000000000000000000011111100000000000000000000000000000000
ELHNDDTRVVRVKVIAGIGLAILGASDPYVRVTLYDPMSGILTSVQTKTIKKSLNPKWNEEILFRVLPQRHRILFEVFDENDDFLGQVDVPLYPLPTEPYTFKDFVLHPRSHKSRVKGYLRLKMTYLPTHLPHPP	110000001000000000000000000000100100001111111110000000000000111110000010000000000000000000000000000000000000000000000000000000100011111
MPVGWQCPGCTFINKPTRPGCEMCCRARPETYQIPASYQPDEEERARLAGEEEALRQY	1100000011111000111111111011010111111111001010110011011110
TKERVERLCKSKELFEERLGLEIRRIHNEQLQFIFRHIDHKDPDKPYMFTLSINEQGDYEVTSCTPPLDCISEFQLKVRETNNFSAFIANIRKAFTALSFKQS	0000001101110111011010101000001010101001001100000000000000100000000000000100110010111111110110010000000
MQIFVKTLTGKTITLEVEPSDTIENVKAKIQDKEGIPPDQQRLIFAGKQLEDGRTLSDYNIQKESTLHLVLRLRGGMQIFVKTLTGKTITLEVEPSDTIENVKAKIQDKEGIPPDQQRLIFAGKQLEDGRTLSDYNIQKESTLHLVLRLRG	0000000100000000000000000000000000000000010101111000000000000000000101010000010101111111011100000000000000001111100101010010000000000000001101010110111
QLDEDSPIVQQFRIYSNELIKHDRHERIVKLSRDITIESKRIIFLLHSIDSRKQNKEKVLEEARQRLNKLIAVNFRAVALELRDQDVYQFRSSYSPGLQEFIQAYTYEYLCHEDAEGENETKSVSDWQAIQAVQYVEESSPKKFQFFVDPTEYILGLSDLTGELRRCINSLGSGDTDTCLDTCKALQHFYSGYISLNCQRARELWRKITTKQSVLKAENVCYNVKVRGGEAAKWG	1100000110111111011111000000000000000000000000000000000000000000000000000000000000011111101000000000000000011001000000011111011100000000000000000010111011001000000000000000000000000000100110111011111100010000000000000000000000000000000
AVEVLKEKWNSKVVEVTLGTGDKTVTLGGDSTLPFLTFEGEMPNPPRFALEVFDTPPTDWPDILVEPFKDVINDPVAWAKKCVEYGADIVALRLVSAHPDGQNRSGAELAEVCKAVADAIDVPLMIIGCGVEEKDAEIFPVIGEALSGRNCLLSSATKDNYKPIVATCMVHGHSVVASAPLDINLSKQLNIMIMEMNLAPNRIIMDPLIGALGYGIEYSYSIIERMRLGALTGDKILAMPVVCFIGQEAWKAKEAKDPEVAEWGDYALRAIHWETVTTVALIQAGGHLFVMRHPKSLAEVKEHLKRILK	111110100000000000000000000000001111011000000000000000000000000000000000000000000000000000000000000000000000000000000000000000000000000000000000000000000000000000000000000000000000000000000000000000000000000000011111110110011001000000000000000000000010110100000111101110111011001100100000000000100011011001101
GDVERGEKLFKGRAAQCHTATKGGSNGVGPNLFGIVNRPSGKVEGFTYSKANAESGVIWTPEVLDVYLENPKKFMPGTKMSFAGIKKPQERADVIAYLETLK	000010011001100110000000001100000000000000000000000000000000000000000101000000001111011001000000000000
MDWYEPGEDTYTLMDALEREGLEMKIVLDLGTSTGVITEQLRKRNTVVSTDLNIRALESHRGGNLVRADLLCSINQESVDVVVFNPPYVPDTDDPIIGGGYLGREVIDRFVDAVTVGMLYLLVIEANRPKEVLARLEERGYGTRILKVRKILGETVYIIKGEKS	00000000000000000000000111000000000000000111110100010100110000011111101111101110000000000000000000000000000000000000000000000000000000000000000000000000000000000000
KVFGRCELAAAMKRHGLDNYRGYSLGNWVCAAKFESNFNTQATNRNTDGSTDYGILQINSRWWCNDGRTPGSRNLCNIPCSALLSSDITASVNCAKKIVSDGNGMNAWVAWRNRCKGTDVQAWIRGCRL	000000000000000000001010000000000010000000000111000100001010111000000000000000000000000000000000011111110110111110011000000000000
SLKISDNEYALIEHPGFANNKDAFFQTLGGVQSIQKACQTSFQNPAAALLELNLRPKDKYHHPVQARVQSRNDLLVTIKKMDNSVQNVSRIRQVFLFRDMADFQYS	1111111111111111110010011001001001100110010000000000000000000000000000111111111100101101011000000100001011
MATHVAIIGNGVGGFTTAQALRAEGFEGRISLIGDEPHLPYDRPSLSKAVLDGSLERPPILAEADWYGEARIDMLTGPEVTALDVQTRTISLDDGTTLSADAIVIATGSRARTMALPGSQLPGVVTLRTYGDVQVLRDSWTSATRLLIVGGGLIGCEVATTARKLGLSVTILEAGDELLVRVLGRRIGAWLRGLLTELGVQVELGTGVVGFSGEGQLEQVMASDGRSFVADSALICVGAEPADQLARQAGLACDRGVIVDHCGATLAKGVFAVGDVASWPLRAGGRRSLETYMNAQRQAAAVAAAILGKNVSAPQLPVSWTEIAGHRMQMAGDIEGPGDFVSRGMPGSGAALLFRLQERRIQAVVAVDAPRDFALATRLVEARAAIEPARLADLSNSMRDFVRANE	0000000000000011001100100000000000000000010000000000001000101110010000000000000000000000000000000000000000000000000000000000000000000000000000000000000000000000000000000000000000000000000000000000000000000000000000000000000000000000000000000000000000000000000000000000000000000000000000000001100110010000000000000000010100000010100000000000000000000000000000000000000001101110110000000000000000000010011001
VLSEEEIEYRRRDARNALASQRLEGLEPDPQVVAQMERVVVGELETSDVIKDLMERIKREE	0000010011011111111111111111110110010011000001101100110010010
MDLVQKQKSLQDYTKSLFLEGILDSQFLQLQQLQDESNPDFVSQVVTLFFQDSDRILNDLSLSLDQQVVDFKKVDPHVHQLKGSSSSIGAQRVKNACVVFRSFCEQQNVEACHRCLQQVKQEYYLVKNRLETLFKLEQQIVASGGMIPAVEL	00000000000000000000000001001101101001001001100110010000000000000000000000000011011101110000000000001000000000000000000000000000000000000000000000000000
LWVSQPPEIRTLEGSSAFLPCSFNASQGRLAIGSVTWFRDEVVPGKEVRNGTPEFRGRLAPLASSRFLHDHQAELHIRDVRGHDASIYVCRVEVLGLGVGTGNGTRLVVEKE	0000000000000000000000000000110111100000000000001000000100001101001100000000000000000000000010110000000000000000
SKPKILLVEDNKINIMVAKSMMKQLGHTMDIANNGVEAITAINSSSYDLVLMDVCMPVLDGLKATRLIRSYEETGNWNAAIEAGVDISTNRLPIIAMTANTLAESSEECYANGMDSFISKPVTLQKLRECLQQYLH	0000000001111101100110010000000000000000000000000000001000000000000000000000000000000000000000000011100100000000000000011111100000000000
GSYPWILNHDHSKQKEISDWLTFEIKDFVAYISPSREEIEIRNQTISTIREAVKQLWPDADLHVFGSYSTDLYLPGSDIDCVVTSELGGKESRNNLYSLASHLKKKNLATEVEVVAKARVPIIKFVEPHSGIHIAVSFERTNGIEAAKLIREWLDDTPGLRELVLIVKQFLHARRLNNVHTGGLGGFSIICLVFSFLHMHPRIITNEIDPKDNLGVLLIEFFELYGKNFGYDDVALGSSDGYPVYFPKSTWSAIQPIKNPFSLAIQDPGDESNNISRGSFNIRDIKKAFAGAFDLLTNRCFELHSATFKDRLGKSILGNVIKY	00000000000000011110000000000000000000000000000000000000000000000000000000000000000000000000000000000000000000000000000000000000000000000000000000000000000000000000000000000000000000000000000000010011110111111001100100110011011111111100000001111110000000000000100000000000000000000010010001001000110110011000000000000000000
KEARVVINDLLAEQYANAFKAKEEGRPVGWSTSVFPQELAEVFDLNVLYPENQAAGVAAKKGSLELCEIAESKGYSIDLCAYARTNFGLLENGGCEALDMPAPDFLLCCNNICNQVIKWYENISRELDIPLIMIDTTFNNEDEVTQSRIDYIKAQFEEAIKQLEIISGKKFDPKKFEEVMKISAENGRLWKYSMSLPADSSPSPMNGFDLFTYMAVIVCARGKKETTEAFKLLIEELEDNMKTGKSSFRGEEKYRIMMEGIPCWPYIGYKMKTLAKFGVNMTGSVYPHAWALQYEVNDLDGMAVAYSTMFNNVNLDRMTKYRVDSLVEGKCDGAFYHMNRSCKLMSLIQYEMQRRAAEETGLPYAGFDGDQADPRAFTNAQFETRIQGLVEVMEERKKL	000000000000000000000000000000000000000000000000000000000000000000000001111111100000001000000000000000000000010001101110110111010010101011011000001100100110010010000000000000000000000000000000000000000000000000000000000000000000000000000000000000000000000000000000000000000000000000000000000000000000000000000000011100000000000000000000010100110111011001100000000000000000000000000000000000000000000
MYKVPKGLEHYQKMFQKEVTVNDLKKYLIGSDKEYRITRRDSYMGDISDPEVILEYGVYPAFIKGYTQLKANIEEALLEMSNSGQALDIYQAVQTLNAENMLLNYYESLPFYLNRQSILANITKALKDAHIREAMAHYKLGEFAHYQDTMLDMVERTIETF	10001111011001000000000000000000110111111110100000100011000000000000010000000000000000000100010010111111101111111111001000000000000000000000010011110001100110111
HMEGRLLLLETPGNTRMSLAYDEAIYRSFQYGDKPILRFYRHDRSVIIGYFQVAEEEVDLDYMKKNGIMLARRYTGGGAVYHDLGDLNFSVVRSSDDMDITSMFRTMNEAVVNSLRILGLDARPGELNDVSIPVGEKKIMGAAGAMRKGAKLWHAAMLVHTDLDMLSAVLKVPDEKFRDKIAKSTRERVANVTDFVDVSIDEVRNALIRGFSETLHIDFREDTITEKEESLARELFDKKYSTEEWNMGLLRKEVV	000000000000000000000000000000000000000000000000011110011000000000000000011111000000000000000000010110010000000000000000000001111000000001000011110000000000000000000000000000000000000000000000000000000000000000000000000000000000000000000000000000000011000
MEKSQLESRVHLLEQQKEQLESSLQDALAKLKNRDAKQTVQKHIDLLHTYNEIRDIALGMIGKVAEHEKCTSVELFDRFGVNGSE	1010011011001101100110110011011110011011011001111101110111111011001000000001011111001
LKHERFQSLSFPHTKEMMKIFHKKFGLHNFRTNQLEAINAALLGEDCFILMPTGGGKSLCYQLPACVSPGVTVVISPLRSLIVDQVQKLTSLDIPATYLTGDKTDSEATNIYLQLSKKDPIIKLLYVTPEKICASNRLISTLENLYERKLLARFVIDEAHCVSQWGHDFRQDYKRMNMLRQKFPSVPVMALTATANPRVQKDILTQLKILRPQVFSMSFNRHNLKYYVLPKKPKKVAFDCLEWIRKHHPYDSGIIYCLSRRECDTMADTLQRDGLAALAYHAGLSDSARDEVQQKWINQDGCQVICATIAFGMGIDKPDVRFVIHASLPKSVEGYYQESGRAGRDGEISHCLLFYTYHDVTRLKRTRETHFNNLYSMVHYCENITECRRIQLLAYFGENGFNPDFCKKHPDVSCDNCCKTKDYKTRDVTDDVKSIVRFVQEHRFTMNMLVDIFLGSKSAKIQSGIFGKGSAYSRHNAERLFKKLILDKILDEDLYINANDQAIAYVMLGNKAQTVLNGNLKVDFMETENSSSVKKQKALVAKVSQREEMVKKCLGELTEVCKSLGKVFGVHYFNIFNTVTLKKLAESLSSDPEVLLQIDGVTEDKLEKYGAEVISVLQKYSEWTS	1101110001100000000000000000000000000000001010000000000000000000000000000000000000000000000000000000000000000000000000000000000000000000000000000000000000000000000000000000000000000000000000000000000000000000011010000000000000000000000000000000000000000000000000000000000000000000000000000000000000000000000000000000000000000000000000000000000000000000000010000000000000000010001001010000000000000010000000000000000000000000000000000000000000001111001000000101000000000000000001000100110000110101000111110000000000000000000000000100000000000000000000000000000000000000000000000000000000000000000000000000000000000000000000000
AVYPKKTHWTAEITPNLHGSEVVVAGWVAHLGDYGRVKIVKVSDREGGAAVPVYLERGKTPDHLFKVFAELSREDVVVIKGIVEASEQYGSATGVEIFPSEIWILNKA	000000000000000000000000000001111111111010000000000101011000000000010000000000000000011110000001010000000000
GRKVVVVGGGTGGATAAKYIKLADPSIEVTLIEPNETYYTCYMSNEVIGGDRELASLRVGYDGLRAHGIQVVHDSALGIDPDKKLVKTAGGAEFAYDRCVVAPGIDLLYDKIEGYSEALAAKLPHAWKAGEQTALLRRQLESMDDGGVVIIAPPAPPFRPPGPYERASQIAHYLKAHKSKSKVIILDNSQTFSKQAQFTKGWERLYGFGTENALIEWHPGPDAAVVKTDTEAMTVETSFGETFKAAVINLIPPQRAGKIAQSASLTNDSGWCPVDIRTFESSLQPGIHVIGDACNAAPMPKSAYSANSQAKVAAAAVVALLKGEEPGTPSYLNTYSILAPGYGISIAAVYRPNAEGKAIEAVPDSGGITPVDAPDWVLEREVQYAHSWYNNIVHDTFG	00000000000000000110000000000000000000000000000000000000000000000000000000000000000000000000000000000000000000000000000000000000000000000000000000000000000000000000000000000000000000000000000000000000000000000000000000000000000000000000000000000000000000000000000000000000000000000000000000000000000000010011001100100000000000111111011000000000101010000000000001111111110000011001101101110111011000
VSKEQLRSFRSIHDKMARNLSSQVSSIMRSIVEIQLHSVDQMTYGEFLMSLPSPTSFNVFSMKPMGGTGVLEINPSIAFPMIDRLLGGKGSAYDQNREFSDIELNLLDTILRQVMQILKEVWSPVVEMFPTIDAKESSANVVQIVAQNEISIMVVLEIIIGHSRGMMNICYPVISIESILSK	00000000000000000000000000001000000011010110110111111000000000000000000001110010011111110011111110011110110110010000000000000000000000000010000000110100000010000011010000000000000000
MRILAIDTATEACSVALWNNGTINAHFELCPREHTQRILPMVQEILAASGASLNEIDALAFGRGPGSFTGVRIGIGIAQGLALGANLPMIGVSTLATMAQGAWRKTGATRVLAAIDARMGEVYWAEYQRDAQGVWQGEETEAVLKPERVGERLKQLSGEWATVGTGWSAWPDLAKECGLTLHDGEVSLPAAEDMLPIASQKLAAGETVAVEHAEPVYLRNEVAWKKLPGK	00000000000000000000000000000000001101110110010000001100100000000001100110111011101111010000000000000000000000000000000000000000000000010110000000000000000000000000000000000000000000000000000000000000111111111111111010110101111001
NIRIYPLSNFITSTKNYINLPNELRNLISEEQESKLGFLHIIESDFKPSVALQKLVNCTTGDEKILIIDIVSIWSQQKQRQHGAIYMNSLSCINITGLIVFLELLYDSPMDALRRCQVDNFNFQLRGIVIDNLSFLNDVINLSKFEKLFKILRKLREFLGCWIITKSFPTDFYNGIENTLVLYPTKLPDSYMKGMDLIIYREVVDGRPQYRRIAA	00000000000000000000000000000000000000000001111000000000000000000000011100111101000000011100110000000000000000000000100000000000000000111000000000000000000000000000000110110011111100000000000000000000000001000000000
QVQLQESGGGLVQAGGSLRLSCAASGIWFSINNMAWYRQTPGKQRERIAIITSAGTTNYVDSVKGRFTISRDDAKNTMYLQMNSLIPEDTAVYYCNLVADYDMGFQSFWGRGTQVTVSSHHH	00000000000000000010000000000111100010000001001001011101010000000000001011100000100000000000000001011100101000000000000000
LAPPQNVTLLSQNFSVYLTWLPGLGNPQDVTYFVAYQSSPTRRRWREVEECAGTKELLCSMMCLKKQDLYNKFKGRVRTVSPSSKSPWVESEYLDYLFEVEPAPPVLVLTQTEEILSANATYQLPPCMPPLDLKYEVAFWKEGAGNKTLFPVTPHGQPVQITLQPAASEHHCLSARTIYTFSVPKYSKFSKPTCFLLEVP	00000000000000000000000000000000000000011110000000000000000000000001011100000000000000000000101011000000000000000000000000000000010100000000000000000000000000000000000000000000000111010000000000000000
SYKAFLNPYIIEVEKRLYECIQSDSETINKAAHHILSSGGKRVRPMFVLLSGFLNDTQKDDLIRTAVSLELVHMASLVHDDYIDNSDMRRGNTSVHIAFDKDTAIRTGHFLLARALQNIATINNSKFHQIFSKTILEVCFGEFDQMADRFNYPVSFTAYLRRINRKTAILIEASCHLGALSSQLDEQSTYHIKQFGHCIGMSYQIIDDILDYTSDEATLGKPVGSDIRNGHITYPLMAAIANLKEQDDDKLEAVVKHLTSTSDDEVYQYIVSQVKQYGIEPAELLSRKYGDKAKYHLSQLQDSNIKDYLEEIHEKMLKRVY	000000000000000000000011111100000000000000000000000000000000000000000000000000100110100000000000000011001100110111011011101110011011001100110111011010111011100010001000000000000000000000000000000000000000000000000000000000000000000000000000000100000000000110111000000000000000000000000000000000000000000000000000000000000
KNFAYLGKIKPQQLADFIINEHPQTIALILAHMEAPNAAETLSYFPDEMKAEISIRMANLGEISPQVVKRVSTVLENKLE	00000000000000000001111110011000000000000000000100000001001111110010011001100100
AMSKLGLRQVTGVTRVTIRKSKNILFVITKPDVYKSPASDTYIVFGEAKIEDLS	000000000111111111111100110100001000000111111111011010
VMKKGQRLSRDALRTQLDSAGYRHVDQVMEHGEYATRGALLDLFPMGSELPYRLDFFDDEIDSLRVFDVDSQRTLEEVEAINLLP	0000000011100110011001111110110010011111000000000000101111000100100001111100000000000
VPRGSHMTTSERVVDLLNQAALITNDSKITVLKQVQELIINKDPTLLDNFLDEIIAFQADKSIEVRKFVIGFIEEACKRDIELLLKLIANLNMLLRDENVNVVKKAILTMTQLYKVALQWMVKSRVISELQEACWDMVSAMAGDIILLLDSDNDGIRTHAIKFVEGLIVTLSPRMADSEIPRRQEHDISLDRIPRDHPYIQYNVLWEEGKAALEQLLKFMVHPAISSINLTTALGSLANIARQRPMFMSEVIQAYETLHANLPPTLAKSQVSSVRKNLKLHLLSVLKHPASLEFQAQITTLLVDLGTPQAEIARNMP	00000000000000000000000000000000000000000000000000000000000000000000000000000000000000000000000000011001000100110000000000000000000000000000000000000001111001100100100000000000000011110000000000000000000000000000000000001011001100110000001001100000000000000000110111111101100110011001000000000000000000000000000000000
NNAARQQFVTSEVGRYGAIYTQLIRQNLLVEDSFRGKQCRVNLKLIPTGTGALLGSLTVLDGDSRLCAATKRAVAQVNSFPLPKDQPDVVEKLKNINLTVAP	000000000000000000000000000010100000000000000111100011111110000000010011001111100000000000000100000000
MRVLGIETSCDETGIAIYDDKKGLLANQLYSQVKLHADYGGVVPELASRDHVRKTVPLIQAALKEAGLTASDIDAVAYTAGPGLVGALLVGATVGRSLAFAWNVPAIPVHHMEGHLLAPMLEDNPPEFPFVALLVSGGHTQLISVTGIGQYELLGESIDDAAGEAFDKTAKLLGLDYPGGPMLSKMASQGTAGRFVFPRPMTDRPGLDFSFSGLKTFAANTIRSNGGDEQTRADIARAFEDAVVDTLMIKCKRALESTGFKRLVMAGGVSANRTLRAKLAEMMQKRRGEVFYARPEFCTDNGAMIAYAGMVRFKAGVTADLGVTVRPRWPLAELPAA	0000000000000000000000000001000000001111111111011001100110111011111000000000000000000100110011011101110000000000000000000110000000000000000000000000000000000000000000000010000100000100100110000000000000000000000000000000000000000000000000000000000000000000000000000000000010011001001100011101011100000000000000000000000111110000000000000
FGVQQIQPNVISVRLFKRKVGGLGFLVKERVSKPPVIISDLIRGGAAEQSGLIQAGDIILAVNDRPLVDLSYDSALEVLRGIASETHVVLILRGPEGFTTHLEMTFTGDGTPKTIRVTQP	001111111000000000000000000000001100000000000000000000000000000001011000000000000000000000000001100111111111010101000000
LKANGQLEVDGKRYEIRAADDGTISVLRPEQQSKAKSFFKGASQLIGGSSQRAQIAQALNEKVASARTVLH	11101111110111111110001101110010011011101111111000011011111101100010000
MLPKPGTYYLPWEVSAGQVPDGSTLRTFGRLCLYDMIQSRVTLMAQHGSDQHQVLVCTKLVEPFHAQVGSLYIVLGELQHQQDRGSVVKARVLTCVEGMNLPLLEQAIREQRLYKQER	1111111100000000000000000100000000000000000000000000000000000000000000001010000000000000001101111111001101110110111011
GVMTDVHRRFLQLLMTHGVLEEWDVKRLQTHCYKVHNATVDKLEDFINNINSVLESLYIEIKRGVTEDDGRPIYALVNLATTSISKMATDFAENELDLFRKALELIIDSETGFASSTNILNLVDQLKGKKMRKKEAEQVLQKFVQNKWLIEKEGEFTLHGRAILEMEQYIRETYPDAVKICNICHSLLIQGQSCETCGIRMHLPCVAKYFQSNAEPRCPHCNDYWPHEIPKVFDPE	11101001101100110000000000000010001100000000000000001101111000000000000000000101000001001100000000000000000000000000000000000000000000000000000000000000000000000000000000000000000000000000000000000000000000000000000000000000000000000000
SEKACRHCHYITSEDRCPVCGSRDLSEEWFDLVIIVDVENSEIAKKIGAKVPGKYAIRVR	010001011000000000000001000011111111100111100110000111101111
AGKIFAVRVTHGQEETTAKLIYSKVRTYNLPIYAILAPSRVKGYIFVEAPNKGVVDEAIRGIRHARGVLPGEVPFKEIEHFLEEKPAVSGLEPGDLVEVIAGPFKGQKAKVVKIDESKDEVVVQFIDAIVPIPVTIKGDYVRLISKL	110101000000001001100100110001011111111111010101000000000000000000001011111011111111110000000000000111111010000010011110000000011101111110110100000
YVTQLYYKISRIDWDYEVEPARIKGIHYGPDIAQPINMDSSHHSRCFISDYLWSLVPTAW	111011111111011111010111000000000000000000001111110110011111
MDIVKLRELLEAELSSTDLNELDEDFYVEFDSLIKALKLSAESSRERGEDVEERLYLAQLKIAESLMKEIIKLRLHKIVDLAVEGKIAEMTAEEKRLFNVIRAFIEREELPEIYRSKEVPKEAYIIQIDLPAVLGPDMKEYGPFMAGDMAIIPTVIGRALVEREAARRVRI	001100100010011110000000000000000000000000000000001101100110110011000000100110010001000000000000000000000000000000100000000000000000000000000000000000000000000000000000000
PQLRVHVGESVLMGCVVQRTEEKHVDRVDWLFSKDKDDASEYVLFYYSNLSVPTGRFQNRSHLVGDTFHNDGSLLLQDVQKADEGIYTCEIRLKNESMVMKKPVELWVLPEEPRDLRVRVGDTTQMRCSIQSTEEKRVTKVNWMFSSGSHTEEETVLSYDSNMRSGKFQSLGRFRNRVDLTGDISRNDGSIKLQTVKESDQGIYTCSIYVGKLESRKTIVLHVVQDEFQ	0000000000000000000000000010101000000110010010110101010000000000000000000000000000000000010100001111100000000000000000000000000000000000000000000000000000000000000000000000000000000000000000000000000000000000000000000000000000000
LAFAKLYIRDILDMKESRQVPGVFLYNGHPIKQVDVLGTVIGVRERDAFYSYGVDDSTGVINCICWKKLQLKKLQETIEQKTKIEIGDTIRVRGSIRTYREEREIHATTYYKVDDPVWNIQIARMLELPTIYRKVYDQPFH	000000101100001101101000010000000000001010010001101010111111110101000000000000000000011000000000111111010100000000011100110011001001100010000
GLTGLEIYKHLPKKNCKECGQPTCLAFAMQIAAGKAGLDACPYVSDEAKELLESASAPPVALIKVGKGEKVLEIGHETVLFRHDKRFEHPCGLAILVEDTLSEGEIKERVEKINKLVFDRVGQMHSVNLVALKGSSQDAATFAKAVATAREVTDLPFILIGTPEQLAAALETEGANNPLLYAATADNYEQMVELAKKYNVPLTVSAKGLDALAELVQKITALGYKNLILDPQPENISEGLFYQTQIRRLAIKKLFRPFGYPTIAFALDENPYQAVMEASVYIAKYAGIIVLNTVEPADILPLITLRLNIYTDPQKPIAVEPKVYEILNPGPDAPVFITTNFSLTYFCVAGDVEGARIPAYILPVDTDGTSVLTAWAAGKFTPEKIAQFLKESGIAEKVNHRKAILPGGVAVLSGKLQELSGWEILVGPRESSGINSFIKQRWN	00000000000000000000000000000000000000000000000000000000000000000000000000000000111000100000000000000000000000000000011100000000000000000000000000000000000000000000000000000000000000000000000000000000000000001100110000000000000000000011100110011001100110100100000000010111101110110011000000000011110110011001101010001000000000000000000000001010001001100100000000000000000000000000000000000000000000000000000000000000000000000000010100000000000
PVDMSNLFYKTLLDDFSRSLEMQPLVFDDHGTCNMIIDNTFALTLSCDYARERLLLIGLLEPHKDIPQQCLLAGALNPLLNAGPGLGLDEKSGLYHAYQSIPREKLSVPTLKREMAGLLEWMRGWREA	01110110010000010011111011111111011111111111011111101010111010010000000000000000000000001011010100000000000000011011001100100100
GHMQLLSRRLKLEKEVRNLQEQLITAETARKVEAKNEDKDLQTLIQKWKNAAQQAAEVLFKPMAERIRLAGGVTQSFRIEEGENKGQIQEVRTEFTMSMFLNQFGVPVHLMSFDEENGDWKS	11001101100110110011111011111101101011001101101111110111011000100110010111111101100000001011101000111111111011101111000010
RKAEIMESIKRLYPGSVYGRLIDLCQPTQKKYQIAVTKVLGKNMDAIIVDSEKTGRDCIQYIKEQRGEPETFLPLDYLEVKPTDEKLRELKGAKLVIDVIRYEPPHIKKALQYACGNALVCDNVEDARRIAFGGHQRHKTVALDGTLFQKSGVISGGASDLKAKARRWDEKAVDKLK	000000000000000000000000000000000000010001000000000100110011011001111111110011111000000000000000000000000000000110000000000100010001000010000001010111111111111111010000000000000
MQVNRLPFFTNHFFDTYLLISEDTPVGSSVTQLLARDMDNDPLVFGVSGEEASRFFAVEPDTGVVWLRQPLDRETKSEFTVEFSVSDHQGVITRKVNIQVGDVNDNAPTFHNQPYSVRIPENTPVGTPIFIVNATDPDLGAGGSVLYSFQPPSPFFAIDSARGIVTVIQELDYEVTQAYQLTVNATDQDKTRPLSTLANLAIIITDLE	0011010100010011101000000000000000000000000000000000000000000000000000001000110000000000000011001010111000000000000000000000000000000000001110011100010100000001110000000000000000000000000101000000000000000000
PAKRYDNVTILFSGIVGFNAFCSKHASGEGAMKIVNLLNDLYTRFDTLTDSRKNPFVYKVETVCDKYMTVSGLPEPCIHHARSICHLALDMMEIAGQVQVDGESVQITIGIHTGEVVTGVIGQRMPRYSLFGNTVNLTSRTETTGEKGKINVSEYTYRCLMSPENSDPQFHLEHRGPVSMKGKKEPMQVWFLSRKN	0111000000010000011001100100001001100110010000000000000000000111110000000000000000000000000000000000000000000000001011111110000001111011001100000000000000000000000000000000000000001001100000000000
MILTITYTQPPATDLGYLLHKNPSRPQTFELNHGKAHIFYPEATSERCTVALLLDIDPIDLARGGLFDYVNDRPYVSSSFMSVAISRVFGTAMSGKCKEKPELAAIKLPLKAKIMMLPCKGGEEIIYRLFEPLGYKVDVEGYMLDEKFPEWGKSRYYTVSLEGEVRVRDLLNHIYVLIPVLDSEKHYWVGEDEIDKLFQHGEGWLVDHPEKELITGRY	11010000000000000000000011111100001010111110000010101111111100101110111101110000000000100000000000000000000000001011000000000000000000000000011111110110011100000000000000000000000000000000000000000000000000000000000000
PLGSMASLMEVRDMLALQGRMEAKQLSARLQTPQPLIDAMLERMEAMGKVVRISEQEWWALRL	110011111001000000000000000000000011001101110110100000000000000
IRHFWKESRRAFLVTKKPNWATYKRAAKITGLGIILIGLIGMLIRIVGILILGG	000110110111011111110110011111101110111111011111111100
QKLTVGLIGNPNSGKTTLFNQLTGARQRVGNWAGVTVERKEGIFATTDHQVTLVDLPGTYSLTTITSLDEQIACHYILSGDADMLINVVDASNLERNLYLTLQLLELGIPCVVALNMLDIAVRIDIDALAARLGCPVIPLVSTRGRGIEALKIALDRHQANSDLELVHYPQPLLREADLLAQQMSAQIPPRQRRWLGLQMLEGDIYSRAYAGDAADKLDIALANLSDEIDDPALHIADARYQTIAAICDAVS	000000000000000000000000000000000000000000000000000000000001101010000000000000000000000000000011001000000000000000000000000000000000000000000000000000000000000000000001000000000000000000000000000000000100000000000000000000000000011011101100111111010000
QIKEIPKEHLGPPWTKLKTSKMSTIYRGEYHRSPVTIKVFNNPQAESVGIVRFTFNDEIKTMKKFDSPNILRIFGICIDQTVKPPEFSIVMEYCELGTLRELLDREKDLTMSVRSLLVLRAARGLYRLHHSETLHRNISSSSFLVAGGYQVKLAGFELSKTQNSSSTIYVSPERLKNPFCLYDIKAEIYSFGIVLWEIATGKIPFEGCDSKKIRELVAEDKKQEPVGQDCPELLREIINECRAHEPSQRPSVDGILERLSAVEE	000100000000000000000000000000000000000000011111110111001000000000000001000001010000100000000000000000000000000000000000000000000000000100000000000000000000000100001110010001111111110000000000000000000000000001100100001000000000000000000000000000000000000000000000
SLQPARIKDSGLTREQAEQVLRVALKHQDYQLQRPGVFIDGDLQDENGKPPHPGYYDFSLGYNDPKAGATEYWGLFSVSLNTGDTWEINSCKRLDGAELRALQRRVARTGKSLADEKSQREGLGCED	0000000000000000000000000001010000000101011111000011100000100111111111111110000000000011111000000000000000000000000000001111111
GQDRHMIRMRQLIDIVDQLKNYVNDLVPEFLPAPEDVETNCEWSAFSCFQKAQLKSANTGNNERIINVSIKKLKRKPPSTHRLTCPSCDSYEKKPPKEFLERFKSLLQKMIHQHL	0011011101110110010001000000000000000000000000000000000000000001100110110011111000110000000000000000000000000000001
RGSHMMLLDVQTDSFEWLIGSPRWRESAAERGDVNPVGGLEEVLYELSPIEDFSGSMSLSFSDPRFDDVKAPVDECKDKDMTYAAPLFVTAEFINNNTGEIKSQTVFMGDFPMMTEKGTFIINGTERVVVSQLVRSPGVYFDETIDKSTDKTLHSVKVIPSRGAWLEFDVDKRDTVGVRIDRKRRQPVTVLLKALGWTSEQIVERFGFSEIMRSTLEKDNTVGTDEALLDIYRKLRPGEPPTKESAQTLLENLFFKEKRYDLARVGRYKVNKKLGLHVGEPITSSTLTEEDVVATIEYLVRLHEGQTTMTVPGGVEVPVETDDIDHFGNRRLRTVGELIQNQIRVGMSRMERVVRERMTTQDVEAITPQTLINIRPVVAAIKEFFG	00000000000000000000000000000000000000000000000000000000000000000000000000000000000000000001000011111111100000000000000000000000000000000000000000000000000000000000000000000000000000000000000000000000000000000000000000000000000000000000000000000000000000000000000000000000000000000000000000000000000000000000000000000000000000000000000000000000000000000000000001011010100000000000000000
AIEIIAPLSGEIVNIEDVPDVVFAEKIVGDGIAIKPTGNKMVAPVNGTIGKIFETNHAFSIESDDGVELFVHFGIDTVELKGEGFTRIAEEGQTVKAGDTVIEFDLALLEEKAKSTLTPVVISNMDEIKELNKLSGSVVVGETPVLRVTK	000000000011110111111111101100000010000000000000001011100001000000000101000101101000000000100000000000000000011001001000001000000001111100000000000000
FGQDLGKKLLEAAAAGQDDEVRILMANGADVNATDDNGLTPLHLAAANGQLEIVEVLLKNGADVNASDSAGITPLHLAAYDGHLEIVEVLLKHGADVNAYDRAGWTPLHLAALSGQLEIVEVLLKHGADVNAQDALGLTAFDISINQGQEDLAEILQ	1110101000100110000000000011010000101010000100110000000000000000000111010001100110000000000000000000111010000100110000000000000000000111010000000000000000000
MQYDDDWQYEDCKLARGGPPATIVAIDEESRNGTILVDNMLIKGTAGGPDPTIELSLKDNVDYWVLLDPVKQMLFLNSTGRVLDRDPPMNIHSIVVQVQCVNKKVGTVIYHEVRIVVRDRNDNSPTFKHESYYATVNELTPVGTTIFTGFSGDNGATDIDDGPNGQIEYVIQYNPEDPTSNDTFEIPLMLTGNVVLRKRLNYEDKTRYYVIIQANDRAQNLNERRTTTTTLTVDLEHH	0110000010001000101110111000000000000000001000000000000000000000000000000000000000001000000000001000000011111111010101100000000000000000000000000000000000000000011001000000000000000000001101000000000000000000000000001010000000000000000000
AALEKEIAALEKEIAALEKEISKQEKFYNDTYNTVCKELLRSRRLENSIIEQKGTMRVYAYVMEQNLPENLLFDYENGVITQSEHVYKFNRVIPHLKVSEDCFFTQEYSVYHDMALNQKKNFNLISLSTTPHGSLRESLIKFLAEKDTIYQKQYVITLQFVFLSDDEFSQDMLLDLKFEKHSISLDSKLVIIENGLEDLPLNFSADEMGIIKVQFFPRDPVPVDFYFIELNNLKSIEQFDKSISAETPIALVLKKLISDTKSFFLLNLNDSKNVNKLLTISEEVQTQ	00110110011011001101100110110011011001101110110110011000000000000000000000011000000000000010000000000000000000000000000100000000000000000000000000000000000000000000000000000000000000000000000000000000000000000000000000000000000000000000000000000000000000000000000000000000000000000000000
LRKDIGIDLGTANTLVFLRGKGIVVNEPSVIAIDSTTGEILKVGLEAKNMIGKTPATIKAIRPMRDGVIADYTVALVMLRYFINKAKGGMNLFKPRVVIGVPIGITDVERRAILDAGLEAGASKVFLIEEPMAAAIGSNLNVEEPSGNMVVDIGGGTTEVAVISLGSIVTWESIRIAGDEMDEAIVQYVRETYRVAIGERTAERVKIEIGNVFPSKENDELETTVSGIDLSTGLPRKLTLKGGEVREALRSVVVAIVESVRTTLEKTPPELVSDIIERGIFLTGGGSLLRGLDTLLQKETGISVIRSEEPLTAVAKGAGMVLDKVNILKKLQGAG	00000000000000000000000000000000000000000000000000000000000000001000000000000000000000000000000000000000101001000000000000000000000000000111100010011000000000000000101110000000000000000000000000000000000000000000000000000000000000000000000000000000000000000000000000010110000111101000000000001000100010111001000000000000000000000001000
MIEVTFTPYDVLLFRESRPFDAGSESVARSIIPLPQTVAGAIRTLLKGLKNCVGVGEEEPEFTLVGIAIGTEKGRIYPLPFNIIKSFYKVVNPGRFLGKLILPPKGKYKSGYVTESILEKYLKGELKEVEENKVIRIEKEKRIGIKLMLYTVEFLRIEKIYAWIEDPGCGIKDILSSYEFLTLGGESRVAFVEVDDKTPDIFNRELGSTKKALFYFSTPTIGKVGEIVQELEKRLNAKIDDYLLVSSRPTAISGWDMHEKKPKGTKFAIPPGSVLFVEFKEEVEVPPYIKLGKLKKLGYGLALGGIWE	00000000000010000000000000000000000000000000000000000000000000000000000000000000000010000000011110111111101010000000000000000000000000000000100001000010100000000000000000000000000000000000000000000000000000000000000000000111100000000000000011110111101010110011111111111000000000000000000000001000000000000000
QVVQAKKFSNVTMLFSDIVGFTAICSQCSPLQVITMLNALYTRFDQQCGELDVYKVETIGDAYCVAGGLHKESDTHAVQIALMALKMMELSDEVMSPHGEPIKMRIGLHSGSVFAGVVGVMPRYCLFGNNVTLANKFESCSVPRKINVSPTTYRLLKDCPGFVFTPRSREELPPNFPSEIPGICHFLDAYQ	11111110000000001000110011010110110011001100100000000000111110000000000000000000000000000000000000000000000000000101010000001111100100000111011000000000000000000000001111110100000000000000000
ADLKVEMMAGGTQITPLNDNVTIFCNIFYSQPLNITSMGITWFWKSLTFDKEVKVFEFFGDHQEAFRPGAIVSPWRLKSGDASLRLPGIQLEEAGEYRCEVVVTPLKAQGTVQLEVVASPASRLLLEDKYMCESSGFYPEAINITWEKQTQKFPHPIEISEDVITGPTIKNMDGTFNVTSCLKLNSSQEDPGTVYQCVVRHASLHTPLRSNFTL	1111000000000000000000000000000000011110100000000000000000110000000000000000000000000000000000000001010111100000000000000000000000000000000000000000000000000000000000000000000000000000000000000000000000000000000000
ARLCNNISAVTFVSKYKAVCQPIADQLDLPVENLLGLAAQESQYGTGRIARELNNYFSHAPAPLQIGAEAPSIKVAKFDSFQKSAQSFASSFGTAVRGQRDPAFAQALVRSGYNTGNGRDGFARYLADIIIAVRGRAC	111011110010001000000000000000000000000110110111101100000110000000000011101000000000000000010000000000000000000111111101010010011001000100
CNITCSKMTSKIPVALLIHYQQNQASCGKRAIILETRQHRLFCADPKEQWVKDAMQHLDRQAAALT	000000001111101100000000000000000001110101000000000000000000000000
FELLELATPYALNAVSDDERADIDRRVAAAPSPVAAAFNDEVRAVRETMAVVSAATTAEPPAHLRTAILDATK	0101110110111111101100000000000000000001101111111111111111111011101110110
MSDEWEQLTVELRKIPRGTEAAPQYLRHLMKMFVADFETAVSKRFDVKFWNKLKSMMDEITKAMENDRLVNHNVQNLAIGFLTDLSLLVHYHYEIPNYGNDISKQLTWTPDVFLNRKPIKSKKNSRVFMAYVLLRMGDLMRYKENYPKAQEYYEQSCRINPADGAVWNQLGLISSLGAKNLESVYFHTRALHATMEFPTASGGLTNIFKNFANRDISRPMPIKDLYLSCLGRIHFLLEIEDSSVHLQKIGEEAATSKEMIVPLMSVYKHLEDGTELEQRAVEYVKTIWCTAYRSLLKTLDDYKEESKKLADVPHLLHILALLLCAPKLLRGIEDQTEDEVTSICEWLLCACDEKIKDSDAFGYFHCLQRIQYPLTRTQLAQKLVEIEDED	000000000000000000000010001001100100000000000000000000000000000010111101100110111011001100110000000000011001101111100000000000000000000100010010000100010000000000000000000000000000000000000000000000000000000000000000000000000000000000000000000000000000000000000000000000000000000000000000000000000000000000000000000000000000000000000000000000000000000000000000000000000000000000000000000000
IAALKEKIAALKEKIAALKEKIKDTELGMKELNEILIKEETVRRTLHNELQELRGNIRVYLRIRPALKNLENSDTSLINVNEFDDNSGVQSMEVTKIQNTAQVHEFKFDKIFDQQDTNVDVFKEVGQLVQSSLDGYNVAIFAYGQTGSGKTFTMLNPGDGIIPSTISHIFNWINKLKTKGWDYKVNAEFIEIYNENIVDLLRSSIGLKHEIRHDQETKTTTITNVTSVKLESEEMVEIILKKANRTASNEHSSRSHSIFIIHLSGSNAKTGAHSYGTLNLVDLAGSERINVSQVVGDRLRETQNINKSLSALGDVIHALGQPDSTKRHIPFRNSKLTYLLQYSLTGDSKTLMFVNISPSSSHINETLNSLRFASKVNST	1001101100110110011011001101100110110110011001101100110000000000000000000000000000001000000000000000000000000000000000000000000000000000000000000000000000000000000000000001001000100000000000000000000000000000000000000000000000000000000000000000000000000000000000000000000000000000000000000000000000000000000000000000000000000000000000000000000000000000000000000000000000000000000
SAVPLVSREELKKLEFVGKGGFGVVFRAHHRTWNHDVAVKIVNSKKISWEVKAMVNLRNENVLLLLGVTEDLQWDFVSGQALVTRFMENGSLAGLLQPECPRPWPLLCRLLQEVVLGMCYLHSLDPPLLHRDLKPSNILLDPELHAKLADFGLSTFQDGGTLAYLDPELLFKVNLKASKASDVYSFGILVWAVLAGREAELVDKLIRETVCDRQSRPPLTELPPGSPETPGLEKLKELMIHCWGSQSENRPSFQDCEPKTNEVYNLVKDKVDAAVSEVKHYLSQ	00000000000000010010000101000000000000000010100000000000000000000000000000111100000000000000000000000000000000000000000000000000000000000000000000000000000000000010000000000000000000010001000000001011111111011100101111001000000000000000000000000000000000000000000000000000000000000000
TGTTIKFNPPTGTDTMSTNISTKHQCITAMKEYESKSLEELRLEDYQANRK	001101100000011100011111111110000111111111101100011
GYLDPFPPEERPEVRVKEGKGMVLLCDPPYHFPDDLSYRWLLNEFPVFITMDKRRFVSQTNGNLYIANVEASDKGNYSCFVSSPSITKSVFSKFIPLIPIPERTTKPYPADIVVQFKDVYALMGQNVTLECFALGNPVPDIRWRKVLEPMPSTAEISTSGAVLKIFNIQLEDEGIYECEAENIRGKDKHQARIYVQA	00000010111101110001111110100000000000000000000000000000000000000000000001000000000000000000001001111111011111101010000000000000000001000000000000000000000000000000000000000000000000011111000000000
FRQIAKVPYRVLDAPSLADDFYYSLIDWSSTDVLAVALGKSIFLTDNNTGDVVHLCDTENEYTSLSWIGAGSHLAVGQANGLVEIYDVMKRKCIRTLSGHIDRVACLSWNNHVLTSGSRDHRILHRDVRMPDPFFETIESHTQEVCGLKWNVADNKLASGGNDNVVHVYEGTSKSPILTFDEHKAAVKAMAWSPHKRGVLATGGGTADRRLKIWNVNTSIKMSDIDSGSQICNMVWSKNTNELVTSHGYSKYNLTLWDCNSMDPIAILKGHSFRVLHLTLSNDGTTVVSGAGDETLRYWKLFDKP	00000000000000000011111000000000000000010000000000000000001110000001010010000011010010000100111101111110000000110000001010000001111000000000001100000000000000000101000000000000000000001100000000000000000011100000000000000000000001000000000000000000110000000000000000000000010000000000000000000000000000000
SAVDPARVDAVVKTSFTKLPEGWESRLQQDETQRICSVTRNNPSPEQAAAIMKAEEVRIKFPAGPVLGSWKDGAKVAQNGRGGQFSDPPGTVSGGNCYACHQLDPKEVSYGTLGPSLVGYGRERNFSAEDAKIAFAKVYDAQASLACSSMPRFGVNGVLTEQQIKDVVAYLFDPESPVNK	010110111011011111110010011110001001100111111101100110000000000000000000000001011111110000000001011100000011111110000000001100000000000000000101111111111001110000000000000000000000
QNEVDQILSEFHLQEEDLHVLMCRMQAEMERGLHLETNEEASVKMLPTYVRSTPDGSEVGDFLALDLGGTNFRVMLVKVGEDLEGQWKVETKHKMYSIPVDAMTGTAEMLFDYIAECISDYLDQQNMKHKKLPLGFTFSFPVRNNVVGLLRDAIKRRGDFEMDVVAMVNDTVATMISCYYEDHHCEVGLIVGTGCNACYMEEMSNVELVEGEEGRMCVNTEWGAFGDTGELEDFRLEYDRVVDEASLNPGQQLYEKMIGGKYMGELVRLVLIKMVNENLLFGGESSEKLKTRGAFETQFVSQIEADTSDFKQTLNILRTLGVQATIGDCHAVRLACESVSTRAAIMCSAGLAGILNRMRQSRREELLRITVGVDGSVYKLHPSFKDKFHATVLKLTSGCEITFIQSEEGSGRGAALISAVAYKMAV	000000000000000000000000000000000011011100010111101010100000000000011110100000000000000000000010100100000010011000000000000000001110000011111110110010100010111110111000000000000000000000000000000000000010001111010001000000000000000000000000000000000010000000000000000000000000000000000000000000000000000000000000000000000000000000000000000000000000000000000000000000000000000000000000000000000000000000000011111100100010011000
IYDPAAADRAEEERIERWVEQLREALVGDGFLLHYQPVLNLQGEPLELYQAFLRLERNGEMMSPNAFMAIAEEHDLVTEIDRWVVARAIRQLGERQRAGHKTHLLVRIGPNSFSDPQMIDTIREQLAVYGVPGERLWLQTPESKVFTHLRNAQQFLAAVSAMDCKVGLEQFGSGLDSFQLLAHFHPAFLKLDRGITGDIASARDSQEKIREITSRAQPAGILTMAEFVADAQSMSSFFSAGVDYVQGDFVAPTGPLMNYEFG	1101101101110110010000000000000001000000000000000000010010111110110111011000000000000000000000000000000000000000000000000000000000000000000000010111110000000000000000000000011100110010000000001000000000000000000000000000000000000000000000000000000000011110000000
LRVAVVSSSNQNRSMEAHNILSKRGFSVRSFGTGTHVKLPGPAPDKPNVYDFKTTYDQMYNDLLRKDKELYTQNGILHMLDRNKRIKPRPERFQNCKDLFDLILTCEERVYDQVVEDLNSREQETCQPVHVVNVDIQDNHEEATLGAFLICELCQCIQHTEDMENEIDELLQEFEEKSGRTFLHTVCFY	000000000000000000000000000000000000000000000000000000000000000000000000000000000000000000000000000000000001001100110010011111110100000000000000000000000000000011011001000100100000111111010
MRIGIISVGPGNIMNLYRGVKRASENFEDVSIELVESPRNDLYDLLFIPGVGHFGEGMRRLRENDLIDFVRKHVEDERYVVGVCLGMQLLFEESEEAPGVKGLSLIEGNVVKLRSRRLPHMGWNEVIFKDTFPNGYYYFVHTYRAVCEEEHVLGTTEYDGEIFPSAVRKGRILGFQFHPEKSSKIGRKLLEKVIECSLSRR	010000000001011011000100000001111101101000000000001010110011011000010000000000000000000000000011111110000000000000011111111110000000000101010010000000000000110000000000000000000001101110000000000000000
MHMMYSKNWKAKKGLIRVTLDLDGNRIKDIHISGDFFMFPEDSINRLEDMLRGSSIEKINDIIRDFYNQGVITPGVEPEDFIQALRVI	0000000000001010101000000000001111111110110110010000000000000000000000010110000000000000
LPESVSDVRFSSPQGQGESRTLTDSAGPRQITLRQFENGVTELQLSRPPLTSLVLSGGGAKGAAYPGAMLALEEKGMLDGIRSMSGSSAGGITAALLASGMSPAAFKTLSDKMDLISLLDSSNKKLKLFQHISSGFSELLLNVLPRIDSRAEPLERLLRDETRKAVLGQIATHPEVARQPTVAAIASRLQSGSGVTFGDLDRLSAYIPQIKTLNITGTAMFEGRPQLVVFNASHTPDLEVAQAAHISGSFPINVPVPEMIDKNFDSGPLRRNDNLILEFEKGWVVGVPEGLEELREQTVVVPPDEIKAHLQERLQERVGEHLEKRLQASERHTFASLDEALLALDDSMLTSVAQQNPEITDGAVAFRQKARDAFTELTVAIVSANGLAGRLKLDEAMRSALQRLDALADTPERLAWLAAELNHADNVDHQQLLDAMRGQTVQSPVLAAALAEAQRRKVAVIAENIRKEVIFPSLYRPGQPDSNVALLRRAEEQLRHATSPAEINQALNDIVDNYSTTVEMAKAWRN	1111111111110111100000000000000000010000010000000000000000000000000000000000000000000000000000000000000000000000000000000000000000000000000000000000000000000000000000000000000000000000000000000000000000000000000000000000000000000000000000000000000000000000000000000000000000000000111111110000000000000000000000000000000000000000000000000000000000000000000000000000000000000000000000000000000000000000000000000000000000000000000000000000000000000000000000000000000000000000000000000000100110011001000000000000100110000000000000
GRIEVVNVSHIFHRGTPLEKKALENVSLVINEGECLLVAGNTGSGKSTLLQIVAGLIEPTSGDVLYDGERKKGYEIRRNIGIAFQYPEDQFFAERVFDEVAFAVKNFYPDRDPVPLVKKAMEFVGLDFDSFKDRVPFFLSGGEKRRVAIASVIVHEPDILILDEPLVGLDREGKTDLLRIVEKWKTLGKTVILISHDIETVINHVDRVVVLEKGKKVFDGTRMEFLEKYDPRFFTSKMLVMRRLVLKGEDPFSMSDDELLERVCN	0000000000000000000000000000000000000000110000000000000000000000000000000000000000000100000001100000000000000000000000000000000000001110110000000000000000000000000000111110010000000000000000000001001000000000000000000000000000000011111110110010000000000001101110111
LPAPLTNDPTAIGPVLPFEELHPRRYPENTATFLTRLRSLPSNHLPQPTLNCLLSAVSDQTKVSEEHLWESLQTILPDSQLSNEETNTLGLSTEHLTALAHLYNFQATVYSDRGPILFGPSDTIKRIDITHTTGPPSHFSPGKRLLGS	0000011111111101000111000000000000011111111100000000000000000000000000000100000000000000000000000000000000000000000000000000000000000000000000000000
AIKLWPPSENTRKMLVERMTNNLSSPTIFTRKYRSLSKEEAAKNAEEIEDAAFTIANQHYEKEPDGDGSSAVQLYARECSKLILEILKKIP	0111011101100110011001000011111110000000000000000000000000000000000010011011101110110001000
EALTTQYSQSELLKNWALSHCLALVYKDDVVKNDARATASAYLEYGKQSVEIYHEIDEIAKKYSGLKYNGSISSDFNTKCIDFIHDRELNELIKRRVEK	110110000000000100010000000000001001101110111111111011001000000000000000000000000000000000000000000
QGILSLALKDKPALYSAYMPFVKGGGIFVPTPKRYMLGDEVFLLLTLPDSSERLPVAGKVIWTTPRAAGIGVQFPDGPEGEAVRNKIETLLAGLT	00000000001100100111111100000000000110000000000000000000001111111000000010011100100110011011111
DKMDYDFKVKLSSERERVEDLFEYEGCKVGRGTYGHVYKAKRKDGKDDKDYALKQIEGTGISMSACREIALLRELKHPNVISLQKVFLSHADRKVWLLFDYAEHDLWHIIKFHRASKVQLPRGMVKSLLYQILDGIHYLHANWVLHRDLKPANILVMGEGPERGRVKIADMGFVVTFWYRAPELLLGARHYTKAIDIWAIGCIFAELLTSEPIFHCRQENPYHHDQLDRIFNVMGFPADKDWEDIKKMPEHSTLMKDFRRNTYTNCSLIKYMEKHKVKPDSKAFHLLQKLLTMDPIKRITSEQAMQDPYFLEDPLPTSDVFAGCQIPYPKREFL	1111111100100010000000000000000000000000000000000000000000011110011011101110000000000101110010100000000000000000000000000000000000000000010001110000000000000000000000000000000000000000000000000000000000000000000000000000000000000000000000000000000000000000000000000000000000000000000000000000000000000000000000000000000000000000000000
SLSTEATAKIVSEFGRDANDTGSTEVQVALLTAQINHLQGHFSRRGLLRMVSQRRKLLDYLKRKDVARYTQLIERLGLRR	00000000000000000000000000000000001100100001001100100110011001100000100010000111
GKKIITTRLMSSITIHEENSIAALEVMSRFAADPHWLIYLPPTMSPCETSKKEGMLEHPIEAFEYFRTRGVGKVVCEQKHMGSRAVVIVCKDSQVAEKRFGVLDGTAGICYTRTGRHFFDDMQLEAELIDRVRKVLDKSGFWGDFNTDWVCLDCELMPWSAKAQKLLEEQYSAVGISGRVVLDEAVKLLKQASLNKGKNADINELLQRFTERSEMMQKYVEAYRKYCWPVNSIDDLKLAPFHILATEGKVHSDKNHIWHMDTIAKYCTQDDSLIMATNHILVDVTDAESVDKGIKWWEDLTASGGEGMVVKPYDFIVKNGRELLQPAVKCRGREYLRIIYGPEYTMDENIERLRNRAVGKKRSLALREFSLGMEALERFVRNEPLYRVHECVFGVLALESEPVDPRL	00000000000000000000000000000000000000000000000000111000000000000000000000000000000000000000000000000000000000000000000000000000000000000000000000000000000000010001011111111101111111011001101100101111010010011001000100100011001110000000000000000000000000000000000000000000000000000000001000000000000000000000000000000000000000000000000001111111001110111100000000000000000000000000000000000000000000000001110
VKDPTLLRIKIVPVQPFIANSRKQLDLWASSHLLSMLMYKALEVIVDKFGPEHVIYPSLRDQPFFLKFYLGENIGDEILVANLPNKALAIVSGKEAEKIEEEIKKRIRDFLLQLYREAVDWAVENGVVKVDRSEKDSMLKEAYLKIVREYFTVSITWVSLSEKEDIYQVTENAGLSDEDVKKWLKFAEKKENSRVLERIAIYPLLVKILDSLGERKVTEERFEKSEQLKGWKCHVCGENLAIFGDMYDHDNLKSLWLDEEPLCPMCLIKRYYPVWIRSKTGQKIRFESVVDVALLYKNWRKIFDEKYGKDLVSKAREVSEDFVKDNMLVDSDLYYSSTWESGDEEKVKEVVDFLNAAYKEIGNPPKYYAILVMDGDDMGKVISGEVLYSTPQVHVAISQALANFSIREVRSVVKDEGLLIYAGGDDVLAILPVDKALEVAYKIRKEFGKSFELLPGWKLSAGILIVHYKHPLYDALEKARDLLNNKAKNVPGKDTLAIGLLKRSGSYYISLVGWELIRVFYNSELRKKLLEEGVGKRFIYHVLREVDTWPKVGIDEMLKFEVIRHIRGRNKEETKELREKIYGEIKDLLEHVRGNNEVEKVRGLFTFLKIITDAEVFP	000000000000101100000000000000000000000000000000000000000000000000000000000000000000000000000000000000000000000000000000000000000000000000000000000000000000110000010000100111101000000000000000000001000000101111110010011011111110111100000110000111101000000000000000000000000000000000000000000000000000000000000000000000000000000000000000000000000000000000000000000000000000010000010000000000000000000000000000000000000000000000000000000000000000000000000000000000000000001001000100000110011000000000001000100000000000000000000000000000000000000000000000000000000000000000000000000000000000000000000000000000000000000000
ITTPEQRIEKAKGETAYLPCKFTLSPEDQGPLDIEWLISPSDNQIVDQVIILYSGDKIYDNYYPDLKGRVHFTSNDVKSGDASINVTNLQLSDIGTYQCKVKKAPGVANKKFLLTVLVKPSGTRCFVDGNDFKLKCEPKEGSLPLQFEWQKMPTPWLAEMTSPVISVKNYSCTVQNRVGSDQCMLRLDV	110010000000000000000000000000101010101000011111100100000000011000000000000000000000000000000000010101011110101000000000000000000000000000000000000000000000000000000000000000000000000000000
HHHHHAALTDRGTYDLDPKDGSSAATKPVLEVTKKVFDTAADAAGQTVTVEFKVSGAEGKYATTGYHIYWDERLEVVATKTGAYAKKGAALEDSSLAKAENNGNGVFVASGADDDFGADGVWTVELKVPADAKAGDVYPIDVAYQWDPSKGDLFTDNKDSAQGKLQAYFFTQGIKSSSNPSTDEYLVKANATYADGYIAIKAGEP	0000000000100000000000000000000000000000000000000000000000000011101000000000000000000000000000111101110000101111100000000000000000000000000000000011111110101110000100000000000000000000000000000000000000000
MLAKRIIACLDVKDGRVVGDPVELGKFYSEIGIDELVFLDITASVEKRKTMLELVEKVAEQIDIPFTVGGGIHDFETASELILRGADKVSINTAAVENPSLITQIAQTFGSQAVVVAIDAKRVDGEFMVFTYSGKKNTGILLRDWVVEVEKRGAGEILLTSIDRDGTKSGYDTEMIRFVRPLTTLPIIASGGAGKMEHFLEAFLAGADAALAASVFHFREIDVRELKEYLKKHGVNVRLEGL	11101000000000000000000000001100011000000000000000000000001111111100000000100000011110110000000000010011001110110000000000000000000000000000000000000000001100000000000000000000000100011100000000000000000000010000000000000000000000000001111101
MKPFLLGLLKCKRCSFMTKLILECEKAESNDVDVKIFNKHMFTENGGERLKSLVNSLRDFHGRELSEQDISSFVENPGDDEKIKEFLFGIDVVEGSLRCDMCGLIYPIKGSIVETVDTVESK	11011011110100001000000000000000110111011000000000000000000000000000000000000000000000010000000000000000010010111111100000
SHMQCIVNACKNSWDKSYLAGTPNKDNCSGFVQSVAAELGVPMPRGNANAMVDGLEQSWTKLASGAEAAQKAAQGFLVIAGLKGRTYGHVAVVISGPLYRQKYPMCWCGSIAGAVGQSQGLKSVGQVWNRTDRDRLNYYVYSLASC	00000000000000000000001001010000000000000000000010000001000000100000000000000000011111111000000010110100000001111111100011001111111111100000000000
GNMERDIFEKKFKEIKDKWVTDKQADEFIETADKYADKAVQMSAVASRAEYYRMYVSRKYHYKKEFVEKLKQVYKESGASHVTSKKDVMLAFDDAKRKSTIGRQENGLFVTSFAEDMALLFTDQGKLKSADQIENIKGVDSGKYSDGVYQYEYDSELTKNIDKLGYIRTASGDTPGANSLNIPGCQTWSGKHIENSESELIFPSISVKDLKSKAVLAEIDAKGYFEIIDPTIIAPNGDHKKVTGRFKIKKMQDR	00000000000001111111100100000000000000000000000000000000000000000000000000000000000011101100111111000111110000000000000000000000000000001111111001000000000000000000000000001011110100000001000000000000000000000010100000000000000000000001100000000000000000
MASTVSQMVDNVLSQPEGKRLMLLAPIIKERKGEHTKTLENLASQGYIRARIDGEVCDLSDPPKLELQKKHTIEVVVDRFKVRLTQRLAESFETALELSGGTAVVADMDDPKAEELLFSAN	0000100000000000000100000000000000000001001111111000000001110100000000000001111110110110011011011111100000010000000000011
KQQLLRAATGKAILNGIDSINKVLEHFRRKGINQHVQNGYHGIVMNNFECEPAFYTCVEVTAGNRLFYHIVDSDEVSTKILMEFNKMNLPGEVTFLPLNKLDVRDTAYPETNDAIPMISKLRYNPRFDKAFKHVFGKTLICRSMEVSTQLARAFTMDCITLEGDQVSHRGALTGGYYDTRLELQKDVRKAE	00000000000100000000000000000000000000000000000000000000000000011001000001101100100110011111111110011100000000000000000000000000000010000000000100010001001000000001001111111111100000000000000
EPTAEMLANNCAGCHGTRGNSAGPASPSIAQMDPAVFVEVMEQFKSGEIQSTIMGRIAKGYSTADFQKMAEYFKQQTYQPVKQSFDKALVAKGTKLHDKYCEKCHVESGKPLADQDEYHILAGQWTPYLRYAIEDFRAERRPMEKKMASKLKELLKAEGEDGLDALFAFYASQQ	111001101111110110001111111000000000000000000000011110011011100000000000000000000000000000000000000000000000000000000000000000010010011000010000000000000000000000000000000000
SLDQCIVNACKNSWDKSYLAGTPNKDNCSGFVQSVAAELGVPMPRGNANAMVDGLEQSWTKLASGAEAAQKAAQGFLVIAGLKGRTYGHVAVVISGPLYRQKYPMCWCGSIAGAVGQSQGLKSVGQVWNRTDRDRLNYYVYSLASC	11100000000000000000101011010000000000000000000000000000000000110110110011000000000111111000001111111000100001111111100011001111111110100000000000
SAGDPMKVLEARDAYLTNAEVFFHLKEMENEQNARTQERGAAQALVCENLRTIQFEILKYLSSQGNCEGLTKERFLDCIAIFNEFELTKAEILVILNNKPSSVPELYACIEGIEERFKEEDIFKLVEKINTTFP	00011111111111110101100110010000001000100110001011011001101110110000000000000000000000000100110011001101101110000000000000000000000000
DLDALLRRVAHDQAAFAEFYDHTKSRVYGLVMRVLRDTGYSEETTQEIYLEVWRNASEFDSAKGSALAWLLTMAHRRAVDRVRCEAGDERRRVTECLKALTDTQRQCIELAYYGGLTYVEVSRRLAANLSTIKSRMRDALRSLRNCLD	0000000000100001100110011101110110000000010011001100110000000111101100110011001100110100110111001000000000010011100111100000000001001001100100110010
SRYSSLVPIEKVGFTLKNEINSRIITIKLKFNGNDIFGGLHELCDKNLINIDKVPGWLAGENGSFSGTIMNGDFQRE	11110000000000010101101111111111111101110110011111001110110000000000000000000
MMRYLHKIELELNRLTSRYPFFKKIAFDAEIIKLVDDLNVDENVKCAIVAIDTSMRMQDFINEDNKDSFVLSTDVLSALFYKYLSQPFYQHDFLVLTDCVSRINELKSIRATITDEIALHNINKQIHYMFIQPYM	000000000000001111111110000000000000000000000000000000100110111001100110111011111100111101001100110110011011111100000000000000000000000
TWTYILRQGDLPPGEMQRYEGGPEPVMVCNVDGEFFAVQDTCTHGDWALSDGYLDGDIVECTLHFGKFCVRTGKVKALPACKPIKVFPIKVEGDEVHVDLDNGELK	0000000000001111000000000000000000000000000111100111111000010111101000000000111011000000000000000000000000
SEEPPFDIRALRADIEDMISEKLELGPSLIRLAWHEAASYDCFKKDGSPNSASMRFKPECLYAGNKGLDIPRKALETLKKKYPQISYADLWVLAAYVAIEYMGGPTIPFCWGRVDAKDGSVCGPDGRLPDGSKTQSHVREVFRRLGFNDQETVALIGAHTCGECHIEFSGYHGPWTHDKNGFDNSFFTQLLDEDWVLNPKVEQMQLMDRATTKLMMLPSDVCLLLDPSYRKYVELYAKDNDRFNKDFANAFKKLTELGTRNLHKAPAS	0000000000001001100110110000000000000000000000000000000000000000000000000000000000000000000000000001111100000000000000000000000000000000000000000000000000000000000000000000010011111111100110000000000000000000001010000000000000000000000000011000000000000000000000000000
LDLPGTRILNGANWANNSATSGTLIIFDQSTPGQDADRWLIHNYLDGYKIFNMGSNNWASVSRGNTVLGVSEFDGQTCKWSIEYSGNGEEFWIRVPREGGGGAVWTIKPASSQGPTTVFLDLLKETDPNQRIKFAV	1011110000000000000000000000000000000001111001010000000000000000000000000000000001011101101101000110000000000000000000000010100000000101
NYFQGSHMFTGKALIAVKVMKPFGDWKSGDIVLVEDWKARELWEAGVVEIVDETDKIIGEIDKVIAEERESEPLTLLPEGLYERAEFYAYYLENYVRLNPNVKLTKLANLRKKLRDLKLIRFNKILKAVMLNSLELLSRLAPEERRIYLQMSKIRNEWLGDA	001010011111000000000010000000000010110111011010000000000000000000000000000000000000000000000000000000000000000000000000000000000000000010000110110010001000000000
MMTNLETRLSGADPVFARELHAQLVQALGDVKRRLLQQYQQWQQEADAIEAGLNIIEKIK	111111011000100100010011001000000000000110011011101101110110
DKAMAGNFWQSSHYLQWILDKQDLLKERQKDLKFLSEEEYWKLQIFFTNVIQALGEHLKLRQQVIATATVYFKRFYARYSLKSIDPVLMAPTCVFLASKVEEFGVVSNTRLIAAATSVLKTRFSYAFPKEFPYRMNHILECEFYLLELMDCCLIVYHPYRPLLQYVQDMGQEDMLLPLAWRIVNDTYRTDLCLLYPPFMIALACLHVACVVQQKDARQWFAELSVDMEKILEIIRVILKLYEQWKNFDERKEMATILSKMPKPKPPP	111111100111000100000000000000000000000000000000000000000000000000000000001000100111100100000001001101011000000000000000000000000001100010111111011001111101000000000000000000000000000000000000000000000000000000000000000000000000000000000000000000000000000000000011111
VRKYEGSNDPYTDPETGVMYNLLGIKDQARLERVESAFAYIRSFELGRTSISGKFDLDHMKKIHKKLFGDVYEWAGKTRLVDIVKDNSKFAHYTQIESYAPQITQQLAREQHLRGLDANEFSQRAGYYMGELNALHPFREGNGRTLREFIWQLAREAGYHIDWDRVERQEMTRASIESYYGNSDLMSALIRRNLTEFT	000000000000000000000010100001011111111111111011000000000000000000000100000000000000100000000000000000000000000000000000000000000000000000000011001100100010000111111101001000000000000000000000001111
INCDPNTTTSHQLLFGFGSPIVQSVLFDGCMLDIEKDDYGFVWSCLSNENGDYCKGLYKPRFTQGVSPNWPMCDLSGASAERCIYPYCPEGE	00000001111101000000000000000000001010111111010101001010101000000000000000000000000000000100
ANFLAMVDNLQGDSGRGYYLEMLIGTPPQKLQILVDTGSSNFAVAGTPHSYIDTYFDTERSSTYRSKGFDVTVKYTQGSWTGFVGEDLVTIPKGFNTSFLVNIATIFESENFFLPGIKWNGILGLAYATLAKPSSSLETFFDSLVTQANIPNVFSMQMCGAGGGSLVLGGIEPSLYKGDIWYTPIKEEWYYQIEILKLEIGGQSLNLDCREYNADKAIVDSGTTLLRLPQKVFDAVVEAVARASLIPEFSDGFWTGSQLACWTNSETPWSYFPKISIYLRDENSSRSFRITILPQLYIQPMMAGLNYECYRFGISPSTNALVIGATVMEGFYVIFDRAQKRVGFAASPCAEIAGAAVSEISGPFSTEDVASNCVPA	0000000000000000000000000000000000000000000000000000000000000010101010000000000000000101000000010111110000000000000000000000000100000011010001001110111100000000000000000000000000000000000000000000000000000000000000000000000000000000000000000000000000000000000000000000000000000000000000000000000000000000000000000000000000000000000000000000000000000000000000000000000000000000
MNVQLKKQLAELALAGTGHHCHQEAASIADWLAQEECMAECVTLIRLSSLMNQ	11011011111111110011100100110110010001011011001100110
VNNISGIEEVNMFTNQGTVIHFNNPKVQASLAANTFTITGHAETKQLTEMLPSILNQL	0001111111111110000101000010001001111111110000000000000111
ADCTFTQLEIVPQFGSPNMFGGEDEHVRVMFSNEDPNDDNPDAFPEPPVYLADRDSGNDCRIEDGGIWSRGGVFLSQDGRRVLMHEFSGSSAELVSYDSATCKVVHREDISGQRWAVDKDGLRLGQKCSGESVDSCAKIVKRSLAPFCQT	000000000000000000000000000000000111110001101110000000000000001111101000000000000000101111111000000000111110101111100000000001001110000000000000010000
IGWSYTGALNQKNWGKKYPTCNSPKQSPINIDEDLTQVNVNLKKLKFQGWDKTSLENTFIHNTGKTVEINLTNDYRVSGGVSEMVFKASKITFHWGKCNMSSDGSEHSLEGQKFPLEMQIYCFDADRFSSFEEAVKGKGKLRALSILFEVGTEENLDFKAIIDGVESVSRFGKQAALDPFILLNLLPNSTDKYYIYNGSLTSPPCTDTVDWIVFKDTVSISESQLAVFCEVLTMQQSGYVMLMDYLQNNFREQQYKFSRQVFSSYT	00000000000000000000000000000101011000000000000000000000000000000000000000000000000000000000000000011000000001111110000000000000000000000000000000001100000000000000000001101000000000000000000000000000000000000000000000000000000001010101111111111000000000000000000000
NTVTSAVKTQYVEIESVDGFYFNTEDKFDTAQIKKAVLHTVYNEGYTGDDGVAVVLREYESEPVDITAELTFGDATPANTYKAVENKFDYEIPVYYNNATLKDAEGNDATVTVYIGLKGDTDLNNIVDGRDATATLTYYAATSTDGKDATTVALSPSTLVGGNPESVYDDFSAFLSDVKVDAGKELTRFAKKAERLIDGRDASSILTFYTKSSVDQYKDAANEPNKLWDIVTGDAEE	000000000000000000000000000000000000000000000000000000000000000000000000000000000000000000000000000000000000000000000000000001111101100110010000000000000001000000000000000000000000000000000000000000100110011011111111110010000000000000000
KETSALTQYMPTSQSLLDEIKEKNGFSWYRNLRRLQWVWQGVDPIEQEQVLARIASSKHSRTDEQWLDTVMGYHSGNWAYEWTRLGMEHQKRAGEMTNEAASEALFSASLCYSIAGYPHLKSDNLAIQAQVLANSAYLEAAKKSKYIIKQLEIPFEKGKITAHLHLTNTDKPHPVVIVSAGLDSLQTDMWRLFRDHLAKHDIAMLTVDMPSVGYSSKYPLTEDYSRLHQAVLNELFSIPYVDHHRVGLIGFRFGGNAMVRLSFLEQEKIKACVILGAPIHDIFASPQKLQQMPKMYLDVLASRLGKSVVDIYSLSGQMAAWSLKVQGFLSSRKTKVPILAMSLEGDPVSPYSDNQMVAFFSTYGKAKKISSKTITQGYEQSLDLAIKWLEDELL	0000000000000000000000000011000001100110000111011011101111001001001000000000000000000000000000000000000000000000000000000000000000000000000000000000000000000000000000000000000000000000000000000000000000000000000000000000000000000000000000000000000000000000000000000000000000000000000000000000000000000000000000000000000000000000000000000000000000000011001000000000001100001110000000000000000000
SLQRRRVTVRKADAGGLGISIKGGRENKMPILISKIFKGLAADQTEALFVGDAILSVNGEDLSSATFDEAVQALKKTGKEVVLEVKY	011100000000101111111110011100000110100100000000000000000000000000110010011000000000011
IFKVGDTVVYPHHGAALVEAIETREQKEYLVLKVAQGDLTVRVPAENAEYVGVRDVVGQEGLDKVFQVLRAPWSRRYKANLEKLASGDVNKVAEVVRDLWRRDQERGLSAGEKRMLAKARQILVGELALAESTDDAKAETILDEVLAA	0000000001011000000000010000100000011111111100100110000000000000000000000000000000000000000000000000000000000000000000000000000000000000000000000000
DYDICKSWWEFYACQPKVMRLKDYVKVKVEPSGITCGDPPERFCSHENPYLCSNECDASNPDLAHPPRLMFDKEEEGLATYWQSITWSRYPSPLEANITLSWNKTVELTDDVVMTFEYGRPTVMVLEKSLDNGRTWQPYQFYAEDCMEAFGMSARRARDMSSRVLCTEEYSRWAGSKKEKHVRFEVRDRFAILESAKGLKEFFTLTDLRMRLLRPALGGTYVQRENLYKYFYAISNIEVIGRCKCNLHANLCSMREGSLQCECEHNTTGPDCGKCKKNFRTRSWRAGSYLPLPHGSPNACAGT	000000000000000000000000000000000000000001001111111111000001011000000000000001000000000000000000000000000000000000000100000000000000000000000001101100000000000000000000000111101000000000000000000000000000000000000000011110101000100000000000000000000000000000000000000000000000000000000000000000000000000
KDELEDFEQGEKYLTLTVSKNDFKKMEVVGQFNLGFIIVTRKVDNKYDLFIVDQHASDEKYNFETLQAVTVFKSQKLIIPQPVELSELVVLDNLPVFEKNGFKLKISRVKLLSLPTSKQTLFDLGDFNELIHLIKEDLRRDNIRCSKIRSMFAMRACRSSIMIGKPLNKKTMTRVVHNLSELDKPWNCPHGRPTMRHLMELRDWSSFSKDYEI	000001100000000000000000101011111011010101000010101010110010000000000000000000000000000000000000000000000000000000000000000000000000000000000000000000000000100000100000100000000000000000010101101101101101011111111
HHSSGRENLYFQGMAKERRRAVLELLQRPGNARCADCGAPDPDWASYTLGVFICLSCSGIHRNIPQVSKVKSVRLDAWEEAQVEFMASHGNDAARARFESKVPSFYYRPTPSDCQLLREQWIRAKYERQEFIYPEKQEPYSAGYREGFLWKRGRDNGQFLSRKFVLTEREGALKYFNAKEPKAVMKIEHLNATFQPAKIGHPHGLQVTYLKDNSTRNIFIYHEDGKEIVDWFNALRAARFHYLQVAFPGASDADLVPKLSRNYLKEGYMEKFRKRWFTMDDRRLMYFKDPLDAFARGEVFIGSKESGYTVLHGFPWPHGITIVTPDRKFLFACETESDQREWVAAFQKAVDRPMLPQEYAVEAHF	00000000000000000000000000000000000000000000000000000000000000101100100000000000100110011000000011000000000000000000000000100011100110110110010011110100000111110100000000000000000000000000000000011111111000000000000000001111011000100000000000000000000000000000000000000000000000000000000000100000000000000000000000000000000000000000000000000000000000000000000000000
CFLVNLNADPALNELLVYYLKEHTLIGSANSQDIQLCGMGILPEHCIIDITSEGQVMLTPQKNTRTFVNGSSVSSPIQLHHGDRILWGNNHFFRLNLP	00011111111000010000000000010000000001111110000000000000000000101010110000000000000101001101000000
VQLQESGGGLVQPGGSLRLSCAASGFTFSSAIMTWVRQAPGKGREWVSTIGSDGSITTYADSVKGRFTISRDNARNTLYLQMNSLKPEDTAVYYCTSAGRRGPGTQVTVSSHH	10000000000000000000000001100111010100000001110010111011010000000000000000000000000000000000000111110000000000000
FGTTSGFGTSGTSMFTDNHNPMKDIEVTSSPDDSIGCLSFSPPTLPGNFLIAGSWANDVRCWEVQDSGQTIPKAQQMHTGPVLDVCWSDDGSKVFTASCDKTAKMWDLSSNQAIQIAQHDAPVKTIHWIKAPNYSCVMTGSWDKTLKFWDTRSSNPMMVLQLPERCYCADVIYPMAVVATAERGLIVYQLENQPSEFRRIESPLKHQHRCVAIFKDKQNKPTGFALGSIEGRVAIHYINPPNPAKDNFTFKCHRSNSAPQDIYAVNGIAFHPVHGTLATVGSDGRFSFWDKDARTKLKTSEQLDQPISACCFNHNGNIFAYASSYDWSKGHEFYNPQKKNYIFLRNAAEELKPR	111011111111111000000011100000001100000000000110000000100000000011100000000000001010000000000000001000000000000000000000010100000000000000000100000000000000000000001010000000000000010000000000000000000000011010000000000000000000110100000000000000011110010111111111000000000000000000000000111001111100000000000000000000000000111111111101000000000100110101
SLSPQELASFKKARDALEESLKLKNWSCSSPVFPGNWDLRLLQVRERPVALEAELALTLKVLEAAAGPALEDVLDQPLHTLHHILSQLQACIQPRPRGRLHHWLHRLQEAPKKESAGCLEASVTFNLFRLLTRDLKYVADGNL	10010011001001100100010001000010001000000000000000000000000000000000000000000000000000000000000000000000000000000000000001001001100110011000000
VNLTSIKKLREKVDDSIHRELTDIFANLNYVGVVDEERRLAAIQHDLKLFLIDYGSVCYELFYQIGLTDFANFGKINLQSTNVSDDIVLYNLLSEFDELNDDASKEKIISKIWDMSSMLNEYYSIELVNDGLDNDLKSVKLKSLPLLLKGYIPSLVKLPFFIYRLGKEVDWEDEQECLDGILREIALLYIPDMVPKVDTSDASLSEDEKAQFINRKEHISSLLEHVLFPCIKRRFLAPRHILKDVVEIANLPDLYKVFERC	000000000000000000000000000010111110111101010001101010110010000000000000000000000000000000000001000000000000000000000000000000000000000000000000000000000001100100110001000000000000000000100101100101110000000000000001100000000000000000000000001101011010011011111
